mlbam_id,1B,2B,3B,C,CF,DH,LF,SP,RF,SS,OF,RP
282332,0,0,0,0,0,0,0,23,0,0,0,1
400085,0,0,0,0,0,0,0,0,2,0,2,0
405395,98,0,1,0,0,29,0,0,0,0,0,0
407845,0,0,0,0,0,0,0,55,0,0,0,55
408234,26,0,0,0,0,107,0,0,0,0,0,0
424144,0,0,0,0,0,0,0,67,0,0,0,67
425772,0,0,0,86,0,0,0,2,0,0,0,2
425783,0,0,0,0,0,61,40,0,42,0,82,0
425784,0,0,0,8,0,0,0,0,0,0,0,0
425794,0,0,0,0,0,0,0,31,0,0,0,0
425844,0,0,0,0,0,0,0,33,0,0,0,0
425877,4,0,1,111,0,0,0,0,0,0,0,0
429664,0,99,0,0,0,2,0,0,0,0,0,0
429665,57,1,0,0,0,51,0,0,0,0,0,0
429719,0,0,0,0,0,0,0,18,0,0,0,5
429722,0,0,0,0,0,0,0,3,0,0,0,0
430935,0,0,0,0,0,0,0,27,0,0,0,0
430945,0,0,0,0,1,0,0,0,130,0,131,0
431145,0,0,7,60,0,0,0,4,0,0,0,4
433587,0,0,0,0,0,0,0,15,0,0,0,0
433589,0,0,0,0,0,0,0,80,0,0,0,80
434158,0,0,0,0,0,1,85,0,6,0,91,0
434378,0,0,0,0,0,0,0,34,0,0,0,0
434538,0,0,0,0,0,0,0,69,0,0,0,69
434658,0,0,0,0,0,0,11,0,3,0,14,0
434670,0,0,0,0,0,15,0,0,0,0,0,0
434671,0,0,0,0,0,0,0,30,0,0,0,0
434778,33,0,0,0,0,16,0,1,0,0,0,1
435043,0,0,0,0,0,0,0,30,0,0,0,30
435062,48,23,15,0,0,7,0,0,0,0,0,0
435064,0,0,0,15,0,0,0,0,0,0,0,0
435079,0,72,0,0,0,0,0,1,0,0,0,1
435263,0,0,0,83,0,0,0,0,0,0,0,0
435522,69,1,26,0,0,3,0,0,0,0,0,0
435559,0,0,0,75,0,0,0,0,0,0,0,0
435622,0,0,0,0,74,2,44,1,0,0,118,1
443558,0,0,0,0,0,114,0,0,0,0,0,0
444432,0,0,0,0,0,7,0,0,0,0,0,0
444468,0,0,0,0,0,0,0,62,0,0,0,61
444482,0,0,0,0,0,1,93,0,0,0,93,0
444489,0,0,1,53,0,0,0,0,0,0,0,0
445055,0,0,0,0,0,2,13,0,33,0,46,0
445197,0,0,0,0,0,0,0,28,0,0,0,28
445213,0,0,0,0,0,0,0,62,0,0,0,62
445276,0,0,0,0,0,0,0,62,0,0,0,62
445926,0,0,0,0,0,0,0,48,0,0,0,39
445988,40,0,22,0,0,2,0,0,0,0,0,0
446263,19,0,0,0,0,14,0,0,0,0,0,0
446308,0,0,0,54,0,0,0,0,0,0,0,0
446321,0,0,0,0,0,0,0,18,0,0,0,6
446334,0,0,119,0,0,0,0,0,0,0,0,0
446359,0,1,31,0,0,0,0,0,0,5,0,0
446372,0,0,0,0,0,0,0,7,0,0,0,0
446481,1,3,24,0,2,1,8,2,4,11,14,2
446868,0,0,0,2,0,0,0,0,0,0,0,0
448179,0,0,0,0,0,0,0,13,0,0,0,0
448281,0,0,0,0,0,0,0,63,0,0,0,63
448602,32,0,0,0,0,1,0,1,0,0,0,1
448609,0,0,0,0,0,0,0,36,0,0,0,36
448614,0,0,0,0,0,0,0,4,0,0,0,4
448801,97,0,0,0,0,1,0,1,1,0,1,1
448855,0,0,0,0,0,0,0,72,0,0,0,72
450172,0,0,0,0,0,0,0,11,0,0,0,7
450203,0,0,0,0,0,0,0,33,0,0,0,0
450212,0,0,0,0,0,0,0,20,0,0,0,20
450306,0,0,0,0,0,0,0,30,0,0,0,1
450314,0,32,0,0,0,1,6,1,13,1,19,1
451192,0,0,0,0,0,0,0,0,1,0,1,0
451584,0,0,0,0,0,0,0,50,0,0,0,50
451594,0,0,0,0,58,0,0,0,118,0,176,0
452095,0,0,0,83,0,0,0,0,0,0,0,0
452254,0,0,0,0,0,46,16,0,8,0,24,0
452657,0,0,0,0,0,0,0,31,0,0,0,0
452678,3,31,98,0,0,0,0,0,0,0,0,0
453064,0,0,0,0,0,0,0,0,0,4,0,0
453172,0,0,0,0,0,0,0,72,0,0,0,72
453178,0,0,0,0,0,0,0,63,0,0,0,63
453192,0,0,0,0,0,0,0,73,0,0,0,73
453214,0,0,0,0,0,0,0,6,0,0,0,6
453265,0,0,0,0,0,0,0,60,0,0,0,60
453281,0,0,0,0,0,0,0,26,0,0,0,18
453284,0,0,0,0,0,0,0,60,0,0,0,58
453286,0,0,0,0,0,0,0,27,0,0,0,0
453329,0,0,0,0,0,0,0,12,0,0,0,0
453343,0,0,0,0,0,0,0,66,0,0,0,66
453385,0,0,0,0,0,0,0,10,0,0,0,0
453562,0,0,0,0,0,0,0,24,0,0,0,0
453568,0,0,0,0,0,2,0,0,135,0,135,0
453943,3,0,120,0,0,3,0,0,0,0,0,0
455104,0,0,0,45,0,1,0,0,0,0,0,0
455117,1,0,0,103,0,0,0,0,0,0,0,0
455119,0,0,0,0,0,0,0,58,0,0,0,58
455139,0,0,0,112,0,0,0,0,0,0,0,0
455976,0,0,0,0,0,1,9,0,103,0,112,0
456030,0,4,0,0,0,2,0,0,0,0,0,0
456034,0,0,0,0,0,0,0,22,0,0,0,0
456051,0,0,0,0,0,0,0,12,0,0,0,8
456078,0,0,0,48,0,20,0,0,0,0,0,0
456124,0,0,0,17,0,0,0,0,0,0,0,0
456387,0,0,0,0,0,0,0,2,0,0,0,1
456488,0,31,8,0,0,12,0,1,0,6,0,1
456501,0,0,0,0,0,0,0,4,0,0,0,0
456665,19,0,0,0,0,5,4,0,0,0,4,0
456696,0,0,0,0,0,0,0,47,0,0,0,47
456701,0,0,0,0,0,0,0,31,0,0,0,0
456715,0,0,0,0,143,0,0,0,0,0,143,0
456781,0,36,2,0,0,1,0,0,0,19,0,0
457705,0,0,0,0,15,1,52,0,0,0,67,0
457708,0,0,0,0,0,5,56,0,0,0,56,0
457727,0,0,0,0,3,2,46,0,36,0,85,0
457754,0,0,0,0,0,0,0,9,0,0,0,9
457759,0,1,124,0,0,3,0,0,0,0,0,0
457763,4,0,0,101,0,2,0,0,0,0,0,0
457803,16,0,0,0,0,7,37,0,24,0,61,0
457915,0,0,0,0,0,0,0,51,0,0,0,51
457918,0,0,0,0,0,0,0,31,0,0,0,1
458006,0,0,0,0,0,0,0,67,0,0,0,67
458015,133,0,0,0,0,4,1,0,0,0,1,0
458584,0,0,0,0,0,0,0,5,0,0,0,5
458677,0,0,0,0,0,0,0,45,0,0,0,45
458681,0,0,0,0,0,0,0,33,0,0,0,0
458708,0,0,0,0,0,0,0,51,0,0,0,50
458731,0,0,0,0,98,1,45,0,0,0,143,0
458924,0,0,0,0,0,0,0,12,0,0,0,12
459429,0,0,0,0,0,0,0,45,0,0,0,45
459964,0,0,0,0,0,6,4,0,33,0,37,0
460026,0,0,0,30,0,0,0,0,0,0,0,0
460075,0,0,0,0,0,3,110,0,2,0,112,0
460077,3,0,0,14,0,0,0,0,0,0,0,0
460086,0,0,0,0,0,2,146,2,0,0,146,2
460283,0,0,0,0,0,0,0,45,0,0,0,45
460576,0,0,0,0,22,0,13,0,7,0,42,0
461314,0,0,0,0,0,0,17,0,0,0,17,0
461325,0,0,0,0,0,0,0,53,0,0,0,50
461829,0,0,0,0,0,0,0,19,0,0,0,2
461872,0,0,0,0,0,0,0,59,0,0,0,59
462101,0,0,0,0,0,1,0,0,0,146,0,0
462136,0,0,0,0,0,0,0,5,0,0,0,0
465041,3,0,0,41,0,1,0,0,0,0,0,0
465657,0,0,0,0,0,0,0,71,0,0,0,70
466320,0,0,0,0,0,2,24,0,74,0,98,0
467008,0,0,0,0,0,0,0,50,0,0,0,50
467055,23,0,45,0,0,4,0,1,0,0,0,1
467092,0,0,0,124,0,2,0,0,0,0,0,0
467100,0,0,0,0,0,0,0,34,0,0,0,0
467793,135,0,0,0,0,23,0,0,0,0,0,0
467827,14,1,1,0,12,0,24,1,34,0,70,1
468504,0,0,0,0,0,0,0,25,0,0,0,1
471865,0,0,0,0,0,9,20,0,17,0,37,0
471911,0,0,0,0,0,0,0,23,0,0,0,11
472551,0,0,0,0,0,0,0,21,0,0,0,21
472610,0,0,0,0,0,0,0,64,0,0,0,62
473879,0,0,0,0,0,0,0,61,0,0,0,61
474463,0,0,0,0,0,0,0,31,0,0,0,0
474568,5,8,1,0,0,1,0,0,0,59,0,0
474832,144,0,0,0,0,0,14,0,1,0,15,0
475054,0,0,0,0,0,0,0,71,0,0,0,71
475115,0,0,0,0,0,0,0,7,0,0,0,0
475174,32,0,0,0,0,41,0,0,0,0,0,0
475247,0,2,11,0,0,0,0,0,0,0,0,0
475253,89,0,0,0,0,30,0,0,0,0,0,0
475479,0,0,0,0,0,0,0,41,0,0,0,40
475582,44,0,0,0,0,3,0,0,0,0,0,0
476451,0,0,0,0,0,0,0,9,0,0,0,1
476454,0,0,0,0,0,0,0,1,0,0,0,1
476589,0,0,0,0,0,0,0,25,0,0,0,25
476594,0,0,0,0,0,0,0,10,0,0,0,10
477132,0,0,0,0,0,0,0,29,0,0,0,1
477569,0,0,0,0,0,0,0,3,0,0,0,3
488671,0,0,0,54,0,0,0,2,0,0,0,2
488721,0,1,1,0,11,1,12,0,0,0,23,0
488726,0,0,0,0,0,25,120,0,9,0,129,0
488748,0,0,0,0,0,0,0,64,0,0,0,64
488768,0,0,0,0,0,0,0,42,0,0,0,19
488771,0,0,0,78,0,0,0,0,0,0,0,0
488984,0,0,0,0,0,0,0,5,0,0,0,5
489119,0,0,0,0,0,0,0,33,0,0,0,0
489149,3,0,0,0,0,1,0,0,0,0,0,0
489265,0,0,0,0,0,0,0,65,0,0,0,65
489295,0,0,0,0,0,0,0,6,0,0,0,6
489334,0,0,0,0,0,0,0,76,0,0,0,76
489446,0,0,0,0,0,0,0,60,0,0,0,60
491646,0,0,0,0,0,0,0,16,0,0,0,16
491676,0,0,0,0,2,1,6,0,7,0,15,0
491696,1,0,0,18,0,0,0,1,0,0,0,1
492802,0,0,0,5,0,0,0,0,0,0,0,0
493200,0,0,0,0,0,0,0,21,0,0,0,21
493329,110,4,42,0,0,1,0,0,0,0,0,0
493596,4,39,5,0,0,9,0,0,0,18,0,0
493603,0,0,0,0,0,0,0,73,0,0,0,73
500135,13,31,6,0,0,7,1,0,0,20,1,0
500208,0,10,2,0,0,0,9,0,0,4,9,0
500610,0,0,0,0,0,0,0,1,0,0,0,1
500724,0,0,0,0,0,0,0,5,0,0,0,5
500743,6,3,0,0,0,0,0,0,0,125,0,0
500779,0,0,0,0,0,0,0,32,0,0,0,1
500871,0,33,144,0,0,1,0,0,0,0,0,0
500874,0,0,0,0,0,8,7,0,75,0,82,0
501303,20,7,24,0,0,0,1,1,6,24,7,1
501381,0,0,0,0,0,0,0,26,0,0,0,0
501571,0,0,0,0,125,0,0,0,0,0,125,0
501593,0,0,0,0,0,0,0,45,0,0,0,45
501625,0,0,0,0,0,0,0,67,0,0,0,66
501659,0,0,0,0,3,0,0,0,9,0,12,0
501789,0,0,0,0,0,0,0,68,0,0,0,68
501817,0,0,0,0,0,0,0,2,0,0,0,2
501896,50,0,2,0,0,3,0,0,0,0,0,0
501925,0,0,0,0,0,0,0,28,0,0,0,28
501981,0,0,0,0,0,123,4,0,0,0,4,0
501985,0,0,0,0,0,0,0,32,0,0,0,0
501992,0,0,0,0,0,0,0,4,0,0,0,2
502026,0,0,0,0,0,0,0,48,0,0,0,48
502042,0,0,0,0,0,0,0,23,0,0,0,0
502043,0,0,0,0,0,0,0,34,0,0,0,5
502054,0,0,0,0,0,21,123,0,0,0,123,0
502085,0,0,0,0,0,0,0,7,0,0,0,7
502110,0,0,0,0,0,107,15,0,24,0,39,0
502117,0,3,4,0,8,0,6,0,12,4,26,0
502154,0,0,0,0,0,0,0,66,0,0,0,66
502171,0,0,0,0,0,0,0,3,0,0,0,0
502188,0,0,0,0,0,0,0,32,0,0,0,0
502190,0,0,0,0,0,0,0,32,0,0,0,0
502202,0,0,0,0,0,0,0,29,0,0,0,29
502210,4,0,0,0,9,4,29,0,119,0,157,0
502239,0,0,0,0,0,0,0,37,0,0,0,26
502273,0,33,18,0,0,2,6,1,0,9,6,1
502304,0,0,0,0,0,0,0,4,0,0,0,4
502327,0,0,0,0,0,0,0,19,0,0,0,17
502381,0,0,0,0,0,0,0,6,0,0,0,6
502481,0,0,0,0,103,0,16,0,21,0,140,0
502517,110,3,0,0,0,4,0,0,0,0,0,0
502522,0,0,0,0,0,0,0,17,0,0,0,17
502570,0,0,0,4,0,0,0,0,0,0,0,0
502578,0,0,0,0,0,0,0,3,0,0,0,3
502593,0,0,0,0,0,0,0,6,0,0,0,6
502624,0,0,0,0,0,0,0,32,0,0,0,5
502671,159,0,0,0,0,0,0,0,0,0,0,0
502706,0,0,0,0,0,0,0,51,0,0,0,43
502748,0,0,0,0,0,0,0,23,0,0,0,8
503285,0,0,0,0,0,0,0,8,0,0,0,8
503449,0,0,0,0,0,0,0,42,0,0,0,42
503556,21,2,40,0,0,3,18,0,44,1,62,0
504379,0,0,0,0,0,0,0,47,0,0,0,47
506433,0,0,0,0,0,0,0,31,0,0,0,0
506702,1,0,0,65,0,0,0,0,0,0,0,0
506703,1,4,6,0,0,0,1,0,0,2,1,0
514888,0,121,0,0,0,2,0,0,0,1,0,0
514913,0,2,2,0,0,0,0,0,0,2,0,0
514917,0,157,0,0,0,0,0,0,0,0,0,0
516416,0,0,0,0,0,0,0,0,0,142,0,0
516770,0,117,45,0,0,0,0,0,0,3,0,0
516782,0,0,0,0,130,0,0,0,0,0,130,0
516969,0,0,0,0,0,0,0,57,0,0,0,57
517008,0,0,0,0,0,0,0,62,0,0,0,62
517369,0,0,0,0,0,0,4,0,3,0,7,0
517593,0,0,0,0,0,0,0,1,0,0,0,0
518397,0,0,0,0,0,0,0,28,0,0,0,28
518452,0,0,0,0,0,0,0,39,0,0,0,36
518468,0,0,0,0,0,0,0,4,0,0,0,4
518489,0,0,0,0,0,0,0,62,0,0,0,62
518516,0,0,0,0,0,0,0,34,0,0,0,0
518542,0,0,0,5,0,1,0,0,0,0,0,0
518553,0,0,0,0,0,0,0,70,0,0,0,70
518566,0,0,0,0,0,0,0,38,0,0,0,32
518568,0,3,0,0,0,0,0,0,0,0,0,0
518586,10,0,1,0,0,0,35,2,11,7,46,2
518595,21,0,0,85,0,4,0,0,0,0,0,0
518614,1,45,3,0,0,2,0,1,0,0,0,1
518617,0,0,0,0,0,0,0,76,0,0,0,76
518618,21,58,1,0,0,2,16,0,0,0,16,0
518626,0,0,148,0,0,1,0,0,0,0,0,0
518633,0,0,0,0,0,0,0,23,0,0,0,0
518653,0,1,4,0,0,0,5,0,3,0,8,0
518692,158,0,0,0,0,0,0,0,0,0,0,0
518693,0,0,0,0,0,0,0,1,0,0,0,1
518715,0,0,0,0,0,0,0,66,0,0,0,64
518735,20,0,0,137,0,1,0,0,0,0,0,0
518774,0,0,0,0,0,0,0,12,0,0,0,0
518792,0,0,0,0,84,0,0,0,105,0,189,0
518813,0,0,0,0,0,0,0,40,0,0,0,40
518858,0,0,0,0,0,0,0,13,0,0,0,13
518875,0,0,0,0,0,0,0,50,0,0,0,50
518876,0,0,0,0,0,0,0,32,0,0,0,0
518886,0,0,0,0,0,0,0,23,0,0,0,23
518934,40,75,52,0,0,1,0,0,0,0,0,0
518960,9,0,0,87,0,3,0,0,0,0,0,0
519008,0,0,0,0,0,0,0,51,0,0,0,51
519043,0,0,0,0,0,0,0,2,0,0,0,0
519048,85,0,0,0,0,4,0,0,0,0,0,0
519058,0,47,105,0,0,1,0,0,0,0,0,0
519076,0,0,0,0,0,0,0,10,0,0,0,7
519096,0,0,0,0,0,0,0,25,0,0,0,25
519141,0,0,0,0,0,0,0,46,0,0,0,28
519144,0,0,0,0,0,0,0,32,0,0,0,0
519151,0,0,0,0,0,0,0,55,0,0,0,55
519166,0,0,0,0,0,0,0,22,0,0,0,21
519203,146,0,0,0,0,0,0,0,0,0,0,0
519222,0,0,0,70,0,0,0,1,0,0,0,1
519242,0,0,0,0,0,0,0,25,0,0,0,0
519293,0,0,0,0,0,0,0,63,0,0,0,63
519299,0,74,6,0,0,16,1,0,6,4,7,0
519317,0,0,0,0,0,5,10,0,3,0,13,0
519326,0,0,0,0,0,0,0,28,0,0,0,28
519346,105,0,0,0,0,3,0,0,12,0,12,0
519381,0,0,0,0,0,0,0,2,0,0,0,2
519390,1,0,0,60,0,2,7,0,0,0,7,0
519393,0,0,0,0,0,0,0,70,0,0,0,70
519443,0,0,0,0,0,0,0,73,0,0,0,73
519455,0,0,0,0,0,0,0,23,0,0,0,0
520471,0,32,0,0,0,5,0,0,0,110,0,0
520980,0,0,0,0,0,0,0,71,0,0,0,71
521230,0,0,0,0,0,0,0,75,0,0,0,73
521655,0,0,0,0,0,0,0,48,0,0,0,31
523253,46,8,33,0,0,0,0,0,0,15,0,0
523260,0,0,0,0,0,0,0,55,0,0,0,55
525768,0,0,0,0,0,0,0,9,0,0,0,9
527038,16,64,0,0,0,0,0,0,0,0,0,0
527048,0,0,0,0,0,0,0,32,0,0,0,3
527049,0,0,0,0,20,0,12,0,10,0,42,0
527054,0,0,0,0,0,0,0,33,0,0,0,0
527055,0,0,0,0,0,0,0,4,0,0,0,4
532077,0,0,0,0,0,0,0,66,0,0,0,66
533167,0,0,0,0,0,0,0,5,0,0,0,0
534606,0,0,0,0,12,1,0,0,2,0,14,0
534910,0,0,0,0,0,0,0,6,0,0,0,6
541600,0,0,0,0,0,0,0,0,0,31,0,0
541640,0,0,0,0,0,0,0,1,0,0,0,1
541645,0,0,0,0,12,24,0,0,92,0,104,0
541650,5,45,14,0,0,0,3,3,7,21,10,3
542255,0,0,0,0,63,0,0,0,0,0,63,0
542303,0,0,0,0,0,0,129,0,0,0,129,0
542340,0,111,0,0,0,1,0,0,0,97,0,0
542364,0,0,0,0,3,0,20,0,6,0,29,0
542436,0,4,3,0,0,0,0,0,0,0,0,0
542454,44,17,8,0,27,1,16,0,15,9,58,0
542583,75,0,2,0,0,13,0,0,0,0,0,0
542585,0,0,0,0,0,0,0,35,0,0,0,35
542866,0,0,0,0,0,0,0,15,0,0,0,15
542881,0,0,0,0,0,0,0,5,0,0,0,0
542882,0,0,0,0,0,0,0,54,0,0,0,54
542888,0,0,0,0,0,0,0,55,0,0,0,55
542914,0,0,0,0,0,0,0,44,0,0,0,44
542921,5,8,10,0,0,9,13,0,0,41,13,0
542932,0,0,20,0,21,0,7,0,1,32,29,0
542947,0,0,0,0,0,0,0,53,0,0,0,52
542953,0,0,0,0,0,0,0,28,0,0,0,27
542960,0,0,0,0,0,0,0,58,0,0,0,58
542979,0,0,0,0,65,3,21,0,9,0,95,0
543001,0,0,0,0,0,0,0,9,0,0,0,0
543022,0,0,0,0,0,0,0,38,0,0,0,33
543037,0,0,0,0,0,0,0,33,0,0,0,0
543045,0,0,0,0,0,0,0,60,0,0,0,60
543063,0,0,0,0,0,0,0,0,0,142,0,0
543068,117,0,0,0,0,4,0,0,0,0,0,0
543089,1,0,0,6,0,0,0,1,0,0,0,1
543101,0,0,0,0,0,0,0,31,0,0,0,0
543105,0,0,0,0,0,0,50,0,1,0,51,0
543118,0,0,0,0,0,0,0,50,0,0,0,50
543135,0,0,0,0,0,0,0,23,0,0,0,11
543148,0,0,0,29,0,0,0,1,0,0,0,1
543169,0,0,0,0,0,0,0,11,0,0,0,10
543193,0,0,0,0,0,0,0,18,0,0,0,18
543194,0,0,0,0,13,0,4,0,2,0,19,0
543208,0,0,0,0,0,0,0,52,0,0,0,52
543219,0,0,0,0,0,0,0,1,0,0,0,0
543228,1,0,0,93,0,0,0,0,0,0,0,0
543243,0,0,0,0,0,0,0,31,0,0,0,0
543257,0,0,0,0,1,0,112,0,20,0,133,0
543272,0,0,0,0,0,0,0,60,0,0,0,60
543278,0,0,0,0,0,0,0,39,0,0,0,39
543281,0,34,0,0,0,1,0,0,0,0,0,0
543294,0,0,0,0,0,0,0,30,0,0,0,0
543302,0,0,0,25,0,0,3,0,0,0,3,0
543305,0,0,0,0,58,1,0,0,0,0,58,0
543308,29,0,0,60,0,2,0,0,0,0,0,0
543309,0,0,0,18,0,0,0,0,0,0,0,0
543333,157,0,0,0,0,1,0,0,0,0,0,0
543339,0,0,0,0,0,0,0,69,0,0,0,68
543343,0,0,0,0,0,0,0,6,0,0,0,6
543351,0,0,0,0,0,0,0,28,0,0,0,28
543359,0,0,0,0,0,0,0,8,0,0,0,8
543376,0,0,0,16,0,0,0,2,0,0,0,2
543377,0,13,3,0,0,1,0,0,1,0,1,0
543401,0,117,0,0,0,4,0,0,0,0,0,0
543432,0,0,0,5,0,0,0,0,0,0,0,0
543475,0,0,0,0,0,0,0,28,0,0,0,0
543483,0,0,0,0,0,0,0,50,0,0,0,50
543484,0,0,0,0,7,1,1,0,0,0,8,0
543507,0,0,0,0,0,0,0,65,0,0,0,65
543510,0,0,0,106,0,13,0,0,0,0,0,0
543521,0,0,0,0,0,0,0,35,0,0,0,27
543532,0,0,0,0,0,0,0,7,0,0,0,0
543543,0,13,19,0,0,0,16,0,1,1,17,0
543548,0,0,0,0,0,0,0,23,0,0,0,17
543557,0,0,0,0,0,0,0,33,0,0,0,20
543592,59,15,4,7,0,0,1,0,1,0,2,0
543606,0,0,0,0,0,0,0,30,0,0,0,0
543677,0,0,0,0,0,0,0,1,0,0,0,1
543685,0,1,146,0,0,0,0,0,0,0,0,0
543699,0,0,0,0,0,0,0,31,0,0,0,0
543734,0,0,0,0,0,0,0,2,0,0,0,2
543760,0,0,0,0,0,0,0,0,0,161,0,0
543766,0,0,0,0,0,0,0,70,0,0,0,70
543768,6,2,71,0,0,0,0,0,0,0,0,0
543776,0,0,0,0,3,1,7,1,10,0,20,1
543807,0,0,0,0,75,13,0,0,59,0,134,0
543829,0,111,0,0,0,1,0,0,0,2,0,0
543877,10,2,4,119,0,11,0,0,0,0,0,0
543883,0,0,0,0,0,0,0,32,0,0,0,31
543901,0,0,0,0,0,0,0,18,0,0,0,15
543903,0,0,0,0,0,0,0,12,0,0,0,12
543935,0,0,0,0,0,0,0,13,0,0,0,13
543939,0,147,0,0,0,0,0,0,0,0,0,0
544365,0,0,0,0,0,0,0,16,0,0,0,8
544369,0,0,0,0,0,1,0,0,0,80,0,0
544725,0,2,1,0,80,1,24,0,45,19,149,0
544727,0,0,0,0,0,0,0,66,0,0,0,66
544928,0,0,0,0,0,0,0,14,0,0,0,14
544931,0,0,0,0,0,0,0,33,0,0,0,0
545064,0,0,0,0,0,0,0,56,0,0,0,56
545121,0,48,14,0,0,0,1,0,1,4,2,0
545332,0,0,0,0,0,0,0,2,0,0,0,2
545333,0,0,0,0,0,0,0,34,0,0,0,0
545341,0,0,0,0,62,10,0,0,92,0,154,0
545350,0,0,0,0,109,6,0,0,0,0,109,0
545358,3,0,0,46,0,1,0,1,0,0,0,1
545361,0,0,0,0,122,12,0,0,0,0,122,0
546318,0,0,0,0,37,0,0,0,0,0,37,0
546990,0,0,0,0,2,2,6,0,5,0,13,0
546991,0,0,0,0,125,0,0,0,0,0,125,0
547004,12,1,114,0,0,1,0,0,0,0,0,0
547170,1,0,0,0,0,0,21,0,0,0,21,0
547172,0,8,1,112,0,0,0,0,0,0,0,0
547179,0,0,0,0,18,0,8,73,4,0,30,73
547180,0,0,0,0,0,2,0,0,152,0,152,0
547379,0,0,0,118,0,1,0,0,0,0,0,0
547888,0,0,0,0,0,0,0,32,0,0,0,1
547943,0,0,0,0,0,0,0,29,0,0,0,0
547973,0,0,0,0,0,0,0,60,0,0,0,60
547982,0,0,0,0,65,0,0,0,0,0,65,0
547989,125,0,0,0,0,34,0,0,0,0,0,0
548389,0,0,0,0,0,0,0,32,0,0,0,17
552640,0,0,0,0,0,0,0,37,0,0,0,30
553869,0,0,0,96,0,0,0,0,0,0,0,0
553878,0,0,0,0,0,0,0,56,0,0,0,56
553882,0,1,0,98,0,19,0,0,0,0,0,0
553902,15,2,13,21,0,2,3,0,6,0,9,0
553993,0,0,158,0,0,1,0,0,0,0,0,0
554340,0,0,0,0,0,0,0,64,0,0,0,64
554430,0,0,0,0,0,0,0,31,0,0,0,0
570240,0,0,0,0,0,0,0,22,0,0,0,15
570256,0,0,0,0,0,1,0,0,36,0,36,0
570267,0,0,0,0,0,17,59,0,42,0,101,0
570481,0,0,16,0,1,0,4,0,0,26,5,0
570482,1,0,123,0,0,3,1,0,0,0,1,0
570488,0,0,0,0,0,0,0,11,0,0,0,11
570560,0,149,0,0,0,0,0,0,0,0,0,0
570632,0,0,0,0,0,0,0,24,0,0,0,11
570663,0,0,0,0,0,0,0,71,0,0,0,70
570666,0,0,0,0,0,0,0,43,0,0,0,43
570731,0,113,0,0,0,4,0,0,0,0,0,0
571431,79,0,0,0,0,0,0,0,0,0,0,0
571437,0,0,0,0,16,0,14,1,6,0,36,1
571448,0,0,154,0,0,0,0,0,0,0,0,0
571466,3,0,0,102,0,0,0,0,0,0,0,0
571467,0,0,0,5,0,0,0,0,0,0,0,0
571506,37,0,0,0,0,2,0,0,0,0,0,0
571510,0,0,0,0,0,0,0,32,0,0,0,0
571539,0,0,0,0,0,0,0,11,0,0,0,6
571578,0,0,0,0,0,0,0,33,0,0,0,0
571595,0,0,0,0,0,0,1,0,0,0,1,0
571656,0,0,0,0,0,0,0,73,0,0,0,72
571657,18,41,12,15,0,1,0,1,0,1,0,1
571666,0,0,0,0,0,0,0,33,0,0,0,0
571670,0,0,0,0,0,0,0,50,0,0,0,50
571679,0,0,0,1,0,0,0,0,0,0,0,0
571697,0,36,0,0,0,0,0,0,0,0,0,0
571704,0,0,0,0,0,0,0,53,0,0,0,53
571710,0,0,0,0,0,0,0,58,0,0,0,58
571718,0,0,0,0,39,2,68,0,17,0,124,0
571735,0,0,0,0,0,0,0,20,0,0,0,20
571740,0,0,0,0,114,1,0,0,0,0,114,0
571745,0,0,0,0,24,1,0,0,43,0,67,0
571760,0,0,0,0,0,0,0,18,0,0,0,0
571771,2,85,1,0,20,0,10,0,17,11,47,0
571788,11,60,4,0,0,1,4,0,6,6,10,0
571858,0,0,0,0,0,0,0,34,0,0,0,34
571863,0,0,0,0,0,0,0,9,0,0,0,9
571875,24,0,36,0,0,1,0,0,0,0,0,0
571882,0,0,0,0,0,0,0,58,0,0,0,54
571901,0,0,0,0,0,0,0,4,0,0,0,4
571912,0,0,0,44,0,0,0,2,0,0,0,2
571917,0,0,0,0,0,0,0,20,0,0,0,20
571918,0,0,1,0,0,0,0,0,0,2,0,0
571927,0,0,0,0,0,0,0,32,0,0,0,2
571945,0,0,0,0,0,0,0,32,0,0,0,0
571946,0,0,0,0,0,0,0,19,0,0,0,11
571948,0,0,0,0,0,0,0,4,0,0,0,4
571970,65,70,35,0,0,0,0,0,0,0,0,0
571974,0,0,0,19,0,0,0,2,0,0,0,2
571976,7,0,2,0,66,0,98,0,5,0,169,0
571980,0,0,0,0,0,3,15,0,68,0,83,0
572008,0,25,13,0,7,0,2,1,6,10,15,1
572020,0,0,0,0,0,0,0,29,0,0,0,0
572021,0,0,0,0,0,0,0,12,0,0,0,12
572033,0,0,0,106,0,0,0,0,0,0,0,0
572039,0,0,0,0,0,2,0,0,90,0,90,0
572041,0,0,0,0,62,1,18,0,0,0,80,0
572044,0,0,0,0,0,0,0,7,0,0,0,7
572070,0,0,0,0,0,0,0,3,0,0,0,0
572073,0,0,0,0,16,0,26,0,25,0,67,0
572086,0,0,0,0,0,0,0,3,0,0,0,3
572096,0,0,0,0,0,0,0,22,0,0,0,22
572122,0,0,104,0,0,1,0,0,0,0,0,0
572125,0,0,0,0,0,0,0,10,0,0,0,10
572140,0,0,0,0,0,0,0,15,0,0,0,0
572143,0,0,0,0,0,0,0,17,0,0,0,17
572191,0,0,0,0,25,0,0,0,7,0,32,0
572193,0,0,0,0,0,0,0,23,0,0,0,22
572228,83,0,0,0,0,34,0,0,0,0,0,0
572233,142,0,0,0,0,3,0,0,0,0,0,0
572287,0,0,0,89,0,0,0,0,0,0,0,0
572362,0,0,0,0,0,0,0,37,0,0,0,36
572365,2,0,23,0,0,1,1,0,7,14,8,0
572383,0,0,0,0,0,0,0,10,0,0,0,10
572403,0,0,0,0,0,0,0,22,0,0,0,18
572703,0,0,0,0,0,0,0,32,0,0,0,29
572761,4,0,107,0,0,2,0,0,0,0,0,0
572816,0,0,0,0,0,0,65,0,0,0,65,0
572821,0,123,0,0,0,0,0,1,0,0,0,1
572863,1,0,0,34,0,0,0,0,0,0,0,0
572888,0,0,0,0,0,0,0,65,0,0,0,65
572971,0,0,0,0,0,0,0,19,0,0,0,0
572998,0,0,0,0,0,0,0,9,0,0,0,9
573009,0,0,0,0,0,0,0,1,0,0,0,1
573046,0,0,0,0,0,0,0,52,0,0,0,52
573124,0,0,0,0,0,0,0,60,0,0,0,60
573127,0,0,0,0,0,0,0,28,0,0,0,28
573135,0,3,6,0,0,0,7,0,0,13,7,0
573185,0,0,0,0,0,0,0,14,0,0,0,6
573186,0,0,0,0,0,0,0,32,0,0,0,0
573262,0,0,0,0,7,0,61,0,56,0,124,0
573668,0,0,0,0,0,0,0,22,0,0,0,22
575070,0,0,0,0,0,0,0,5,0,0,0,5
575929,2,0,0,99,0,1,1,0,2,0,3,0
576397,8,3,21,0,0,1,0,1,0,0,0,1
578428,0,0,0,0,0,0,0,0,0,144,0,0
579328,0,0,0,0,0,0,0,32,0,0,0,0
580792,0,0,0,0,0,0,0,39,0,0,0,39
582494,0,0,0,0,0,0,0,11,0,0,0,11
584171,0,0,0,0,0,0,0,34,0,0,0,26
588751,0,29,9,0,0,1,0,0,0,27,0,0
591693,0,0,0,0,0,0,0,20,0,0,0,20
591720,0,1,1,0,0,0,1,0,0,6,1,0
591741,31,0,19,0,0,0,2,2,23,0,25,2
591971,0,14,1,0,0,0,0,0,0,2,0,0
592094,0,0,0,0,0,0,0,23,0,0,0,23
592102,0,0,0,0,0,0,0,25,0,0,0,25
592122,23,0,0,0,0,1,22,0,3,0,25,0
592135,0,0,0,0,0,0,0,59,0,0,0,52
592145,0,0,0,0,0,0,0,30,0,0,0,30
592165,0,0,0,0,0,0,0,44,0,0,0,44
592169,0,0,0,0,0,0,0,36,0,0,0,36
592178,3,0,115,0,0,3,23,0,27,0,50,0
592192,15,0,0,0,56,16,10,0,27,0,93,0
592200,4,0,0,67,0,1,0,0,0,0,0,0
592206,0,0,0,0,0,11,11,0,137,0,148,0
592222,0,0,0,0,0,0,0,83,0,0,0,83
592229,0,0,0,0,0,0,0,18,0,0,0,6
592230,0,3,6,0,0,0,0,0,0,0,0,0
592233,0,0,0,0,0,0,0,28,0,0,0,28
592254,0,0,0,0,0,0,0,3,0,0,0,3
592261,0,0,0,0,112,1,0,0,0,0,112,0
592273,12,16,65,0,0,2,8,0,18,5,26,0
592280,0,0,0,0,0,0,0,8,0,0,0,8
592314,0,0,0,0,0,0,0,21,0,0,0,0
592325,0,0,0,0,22,0,70,0,23,0,115,0
592332,0,0,0,0,0,0,0,31,0,0,0,14
592346,0,0,0,0,0,0,0,14,0,0,0,2
592348,18,22,1,0,8,4,20,0,5,38,33,0
592351,0,0,0,0,0,0,0,26,0,0,0,1
592387,11,0,44,0,0,0,0,0,0,0,0,0
592390,0,0,0,0,0,0,0,45,0,0,0,45
592407,0,0,0,38,0,0,0,1,0,0,0,1
592426,0,0,0,0,0,0,0,70,0,0,0,70
592444,0,0,0,0,85,0,0,0,0,0,85,0
592450,0,0,0,0,0,10,0,0,92,0,92,0
592454,0,0,0,0,0,0,0,72,0,0,0,72
592468,0,0,0,0,0,0,0,25,0,0,0,21
592473,3,0,0,0,0,0,0,80,0,0,0,80
592518,0,0,119,0,0,0,0,0,0,37,0,0
592567,8,11,121,0,0,0,2,0,0,0,2,0
592612,0,0,0,0,0,0,0,57,0,0,0,57
592620,0,0,0,0,0,0,5,0,0,0,5,0
592626,20,0,0,0,2,2,84,0,39,0,125,0
592644,0,0,0,0,0,0,0,21,0,0,0,1
592660,9,0,0,0,0,0,0,0,0,0,0,0
592662,0,0,0,0,0,0,0,33,0,0,0,0
592663,4,0,0,133,0,1,0,0,0,0,0,0
592669,0,0,0,0,4,0,67,0,86,0,157,0
592680,4,2,8,0,1,0,0,0,3,8,4,0
592685,0,0,0,0,1,0,0,0,1,0,2,0
592696,0,0,0,0,3,3,124,0,11,0,138,0
592705,0,0,0,0,0,0,0,3,0,0,0,3
592712,0,0,0,0,0,0,0,20,0,0,0,20
592716,0,0,0,0,0,0,0,35,0,0,0,20
592717,0,0,0,0,0,0,0,27,0,0,0,0
592741,0,0,0,0,0,0,0,3,0,0,0,3
592743,0,0,0,0,0,1,0,0,0,102,0,0
592761,0,0,0,0,0,0,0,28,0,0,0,0
592767,0,0,0,0,0,0,0,25,0,0,0,4
592773,0,0,0,0,0,0,0,63,0,0,0,36
592779,0,0,0,0,0,0,0,13,0,0,0,13
592789,0,0,0,0,0,0,0,32,0,0,0,0
592791,0,0,0,0,0,0,0,7,0,0,0,0
592804,0,0,0,0,0,0,0,16,0,0,0,16
592815,0,0,0,0,0,0,0,23,0,0,0,21
592826,0,0,0,0,0,0,1,33,0,0,1,10
592836,0,0,0,0,0,0,0,1,0,0,0,0
592858,0,0,0,0,0,0,0,31,0,0,0,31
592859,0,12,0,0,72,1,29,4,10,0,111,4
592863,0,0,0,0,7,1,2,0,1,0,10,0
592865,0,0,0,0,0,0,0,10,0,0,0,10
592866,0,0,0,0,0,0,0,26,0,0,0,0
592879,0,0,0,0,0,0,0,17,0,0,0,1
592885,0,0,0,0,1,2,6,0,124,0,131,0
593140,0,0,0,0,0,0,0,58,0,0,0,57
593144,0,0,0,0,0,0,0,72,0,0,0,72
593160,5,82,0,0,17,8,4,0,61,0,82,0
593334,0,0,0,0,0,0,0,27,0,0,0,3
593372,0,0,0,0,0,0,0,48,0,0,0,48
593423,0,0,0,0,0,0,0,16,0,0,0,0
593428,0,0,0,0,0,1,0,0,0,153,0,0
593523,0,48,0,0,0,3,0,0,0,2,0,0
593528,0,0,0,0,0,0,1,0,4,0,5,0
593576,0,0,0,0,0,0,0,68,0,0,0,68
593643,0,90,66,0,0,1,3,1,1,0,4,1
593647,0,0,0,0,4,0,1,0,12,0,17,0
593679,0,0,0,0,0,0,0,36,0,0,0,23
593700,2,8,0,0,0,2,1,0,5,0,6,0
593833,0,0,0,0,0,0,0,78,0,0,0,78
593871,0,0,0,0,0,11,0,0,0,142,0,0
593934,9,0,91,0,0,6,0,0,0,0,0,0
593958,0,0,0,0,0,0,0,34,0,0,0,0
593974,0,0,0,0,0,0,0,47,0,0,0,47
594011,0,1,1,0,25,0,13,0,15,1,53,0
594027,0,0,0,0,0,0,0,52,0,0,0,52
594056,0,0,0,0,0,0,0,7,0,0,0,7
594311,0,0,0,0,0,0,0,23,0,0,0,23
594577,0,0,0,0,0,0,0,16,0,0,0,16
594694,0,2,6,0,0,0,0,0,0,33,0,0
594736,0,0,0,0,0,0,0,5,0,0,0,3
594777,0,0,0,0,2,0,0,0,150,0,152,0
594795,0,0,0,0,0,0,0,14,0,0,0,14
594798,0,0,0,0,0,0,0,32,0,0,0,0
594807,0,0,0,0,0,0,31,0,2,0,33,0
594809,0,0,0,0,0,0,7,0,139,0,146,0
594824,1,74,13,0,0,1,1,0,0,9,1,0
594835,0,0,0,0,0,0,0,34,0,0,0,0
594838,0,0,1,0,0,0,6,0,0,5,6,0
594840,0,0,0,0,0,0,0,51,0,0,0,50
594902,0,0,0,0,0,0,0,1,0,0,0,1
594951,0,0,0,0,0,0,0,2,0,0,0,2
594953,1,0,0,0,0,3,0,0,23,0,23,0
594965,0,0,0,0,0,0,0,13,0,0,0,5
594986,0,0,0,0,0,0,0,73,0,0,0,73
594987,0,0,0,0,0,0,0,33,0,0,0,32
594988,0,0,0,0,24,0,3,0,1,0,28,0
595001,0,0,0,0,0,0,0,18,0,0,0,16
595014,0,0,0,0,0,0,0,57,0,0,0,57
595191,0,0,0,0,0,0,0,12,0,0,0,2
595222,0,0,0,0,0,0,5,0,5,0,10,0
595281,0,0,0,0,125,0,0,0,0,0,125,0
595284,1,0,0,43,0,0,0,0,0,0,0,0
595375,0,0,0,0,31,0,0,0,0,12,31,0
595453,0,0,0,14,0,0,0,0,0,0,0,0
595465,0,0,0,0,0,0,0,27,0,0,0,27
595751,1,0,0,118,0,1,0,0,0,0,0,0
595777,1,124,0,0,0,8,7,0,0,0,7,0
595798,0,0,0,0,0,0,0,12,0,0,0,12
595879,0,0,1,0,0,2,0,0,0,129,0,0
595881,0,0,0,0,0,0,0,24,0,0,0,2
595885,10,0,0,0,0,0,0,0,0,0,0,0
595897,0,0,0,0,0,0,0,11,0,0,0,11
595909,0,0,0,0,23,1,10,0,45,0,78,0
595918,0,0,0,0,0,0,0,25,0,0,0,25
595928,0,0,0,0,0,0,0,1,0,0,0,1
595939,0,0,0,0,0,0,0,1,0,0,0,1
595956,0,0,0,44,0,0,0,0,0,0,0,0
595978,0,0,2,95,0,0,0,0,0,0,0,0
595981,4,0,0,0,9,0,6,0,8,0,23,0
596001,0,0,0,0,0,0,0,31,0,0,0,0
596012,0,3,0,0,0,0,7,0,7,0,14,0
596019,0,0,0,0,0,5,0,0,0,137,0,0
596027,0,0,0,0,0,0,0,14,0,0,0,14
596035,0,0,0,0,0,0,0,14,0,0,0,12
596043,0,0,0,0,0,0,0,13,0,0,0,4
596057,0,0,0,0,0,0,0,32,0,0,0,3
596059,0,137,0,0,0,3,0,0,0,0,0,0
596071,0,0,0,0,0,0,0,17,0,0,0,5
596074,0,0,0,0,0,0,0,13,0,0,0,12
596101,0,0,0,0,0,0,0,34,0,0,0,34
596103,8,1,0,0,0,0,2,0,46,0,48,0
596105,0,0,0,0,0,7,86,0,0,0,86,0
596112,0,0,0,0,0,0,0,57,0,0,0,57
596115,0,0,0,0,0,0,0,0,0,144,0,0
596117,0,0,0,11,0,0,7,0,1,0,8,0
596119,2,0,0,8,0,0,11,0,9,0,20,0
596129,57,0,0,0,0,81,0,0,0,0,0,0
596133,0,0,0,0,0,0,0,12,0,0,0,0
596142,0,0,0,90,0,15,0,0,0,0,0,0
596144,46,0,40,0,0,1,0,0,0,0,0,0
596146,0,0,0,0,60,2,0,0,84,0,144,0
596451,0,0,0,0,34,0,0,2,0,0,34,2
596720,0,0,0,0,0,0,0,10,0,0,0,10
596748,2,0,110,0,0,0,0,0,0,0,0,0
596825,0,18,0,0,0,1,5,0,1,0,6,0
596847,103,0,0,0,0,16,0,0,0,0,0,0
597113,0,0,0,0,0,0,0,28,0,0,0,28
598264,0,0,0,0,0,0,0,70,0,0,0,70
598265,0,0,0,0,144,0,0,0,3,0,147,0
598271,0,0,0,0,0,0,0,21,0,0,0,14
598284,1,0,0,0,0,0,4,0,10,0,14,0
598286,0,0,0,0,0,0,0,46,0,0,0,46
598287,0,0,0,0,0,0,0,51,0,0,0,44
600303,3,46,30,0,0,3,0,0,0,0,0,0
600466,0,0,0,4,0,0,0,0,0,0,0,0
600474,0,0,0,89,0,3,0,0,0,0,0,0
600524,24,0,9,0,0,109,1,0,0,0,1,0
600858,0,2,1,0,0,0,0,1,0,36,0,1
600869,20,0,69,0,0,4,0,0,0,0,0,0
600887,0,0,0,0,0,0,0,17,0,0,0,17
600917,0,0,0,0,0,0,0,70,0,0,0,67
600968,0,0,0,0,0,0,0,19,0,0,0,19
600986,0,0,0,0,0,0,0,6,0,0,0,6
601713,0,0,0,0,0,0,0,30,0,0,0,17
602074,0,0,0,0,24,0,3,0,3,0,30,0
602922,1,18,13,0,0,6,2,1,0,15,2,1
605113,0,0,0,0,0,0,0,0,0,158,0,0
605119,0,0,67,0,0,1,0,0,55,0,55,0
605121,0,0,0,0,0,0,0,54,0,0,0,54
605130,0,0,0,0,0,0,0,61,0,0,0,61
605131,0,1,0,64,0,0,0,0,0,0,0,0
605135,0,0,0,0,0,0,0,28,0,0,0,3
605137,134,0,0,0,0,7,0,0,0,0,0,0
605141,0,0,0,0,17,7,0,0,132,0,149,0
605143,0,0,0,0,0,0,0,17,0,0,0,17
605151,0,0,0,0,0,0,0,66,0,0,0,65
605154,0,0,0,0,0,0,0,66,0,0,0,66
605155,0,0,0,0,0,0,0,58,0,0,0,58
605156,0,0,0,0,0,0,0,29,0,0,0,11
605164,0,0,0,0,0,0,0,30,0,0,0,0
605170,23,0,2,59,0,0,0,2,0,0,0,2
605177,0,0,0,0,0,0,0,77,0,0,0,77
605182,0,0,0,0,0,0,0,21,0,0,0,0
605195,0,0,0,0,0,0,0,52,0,0,0,52
605196,12,0,1,0,0,4,0,0,0,0,0,0
605200,0,0,0,0,0,0,0,31,0,0,0,0
605204,0,0,31,0,0,1,79,0,0,0,79,0
605218,0,0,0,0,0,0,0,22,0,0,0,22
605233,0,0,0,0,3,5,38,0,9,0,50,0
605240,0,0,0,0,0,0,0,68,0,0,0,68
605244,5,0,0,11,0,0,0,0,0,0,0,0
605253,0,0,0,0,4,2,9,0,10,0,23,0
605260,0,0,0,0,0,0,0,20,0,0,0,20
605276,0,0,0,0,0,0,0,23,0,0,0,9
605280,0,0,0,0,0,0,0,35,0,0,0,35
605288,0,0,0,0,0,0,0,35,0,0,0,17
605301,0,0,0,0,0,0,0,12,0,0,0,12
605309,0,0,0,0,0,0,0,32,0,0,0,32
605347,0,0,0,0,0,0,0,39,0,0,0,21
605359,0,0,0,0,0,0,0,55,0,0,0,55
605361,0,0,0,0,0,1,26,1,0,0,26,1
605388,0,0,0,0,0,0,0,40,0,0,0,40
605397,0,0,0,0,0,0,0,32,0,0,0,1
605400,0,0,0,0,0,0,0,34,0,0,0,0
605412,0,118,0,0,0,0,0,0,0,0,0,0
605421,2,0,0,20,0,0,0,0,0,0,0,0
605439,0,0,0,0,0,0,2,0,2,0,4,0
605441,0,0,0,0,0,0,0,14,0,0,0,14
605446,0,0,0,0,0,0,0,28,0,0,0,12
605447,0,0,0,0,0,0,0,17,0,0,0,17
605452,0,0,0,0,0,0,0,27,0,0,0,18
605463,0,0,0,0,0,0,0,13,0,0,0,11
605469,0,0,0,0,0,0,0,5,0,0,0,2
605474,9,0,0,0,0,11,0,0,0,0,0,0
605479,0,0,0,0,0,0,0,14,0,0,0,14
605480,0,0,0,0,106,1,5,0,28,0,139,0
605482,0,0,0,0,0,0,0,8,0,0,0,8
605483,0,0,0,0,0,0,0,23,0,0,0,0
605486,0,22,6,0,0,0,3,0,0,4,3,0
605488,0,0,0,0,0,0,0,25,0,0,0,25
605490,0,0,0,0,36,0,6,0,23,0,65,0
605498,0,0,0,0,0,0,0,21,0,0,0,19
605501,0,0,0,0,0,0,0,21,0,0,0,20
605508,0,0,0,0,14,0,19,0,30,0,63,0
605513,0,0,0,0,0,0,0,30,0,0,0,0
605521,0,0,0,0,0,0,0,6,0,0,0,6
605525,0,0,0,0,0,0,0,27,0,0,0,27
605538,0,0,0,0,0,0,0,44,0,0,0,36
605540,0,0,0,0,0,0,0,22,0,0,0,0
605541,0,0,0,0,0,0,0,19,0,0,0,19
605548,0,0,0,0,2,0,0,0,4,0,6,0
605612,1,34,10,0,30,3,8,0,7,2,45,0
606115,0,0,0,0,0,0,0,0,0,150,0,0
606131,0,0,0,0,0,0,0,47,0,0,0,46
606132,0,0,0,0,13,0,91,0,6,0,110,0
606149,0,0,0,0,0,0,0,66,0,0,0,66
606157,1,0,0,0,0,0,0,0,54,0,54,0
606160,0,0,0,0,0,0,0,22,0,0,0,22
606162,0,0,0,0,0,0,0,13,0,0,0,12
606167,0,0,0,0,0,0,0,35,0,0,0,35
606192,0,0,0,0,79,2,46,0,0,0,125,0
606273,0,0,0,0,0,0,0,48,0,0,0,48
606299,0,78,5,0,5,0,33,2,0,39,38,2
606303,0,0,0,0,0,0,0,2,0,0,0,2
606424,0,0,0,0,0,0,0,53,0,0,0,53
606466,0,83,0,0,96,0,0,0,0,11,96,0
606478,0,0,0,0,0,0,0,1,0,0,0,1
606625,0,0,0,0,0,0,0,56,0,0,0,56
606930,0,0,0,0,0,0,0,33,0,0,0,32
606956,7,0,0,0,0,0,3,0,2,0,5,0
606959,0,0,0,0,0,0,0,5,0,0,0,4
606965,0,0,0,0,0,0,0,61,0,0,0,60
606988,0,0,0,58,0,0,0,0,0,0,0,0
606992,0,0,0,8,0,2,0,0,0,0,0,0
607043,0,0,0,0,43,0,38,0,6,0,87,0
607054,0,5,9,0,0,0,18,0,1,0,19,0
607074,0,0,0,0,0,0,0,7,0,0,0,0
607188,0,0,0,0,0,0,0,16,0,0,0,16
607192,0,0,0,0,0,0,0,12,0,0,0,0
607200,0,0,0,0,0,0,0,21,0,0,0,9
607208,0,0,0,0,0,0,0,0,0,122,0,0
607215,0,0,0,0,0,0,0,6,0,0,0,2
607219,0,0,0,0,0,0,0,12,0,0,0,12
607223,4,0,0,0,0,9,0,1,0,0,0,1
607229,0,0,0,0,0,0,0,52,0,0,0,52
607231,0,0,0,0,0,0,0,64,0,0,0,64
607237,0,0,0,0,0,0,0,69,0,0,0,69
607333,0,0,0,10,0,0,0,0,0,0,0,0
607345,0,0,0,59,0,6,0,0,0,0,0,0
607352,0,0,0,0,0,0,0,63,0,0,0,63
607374,0,0,0,0,0,0,0,3,0,0,0,2
607391,0,0,0,0,0,0,0,9,0,0,0,9
607455,0,0,0,0,0,0,0,3,0,0,0,3
607457,0,0,0,0,0,0,0,43,0,0,0,43
607461,35,0,9,0,0,2,34,0,2,0,36,0
607468,3,10,4,0,0,1,0,0,0,0,0,0
607473,0,0,0,0,0,0,0,12,0,0,0,12
607481,0,0,0,0,0,0,0,58,0,0,0,58
607536,0,0,0,0,0,0,0,22,0,0,0,0
607555,0,0,0,0,0,0,0,17,0,0,0,17
607560,0,0,0,0,0,0,0,61,0,0,0,61
607572,0,0,0,0,0,0,0,20,0,0,0,20
607625,0,0,0,0,0,0,0,61,0,0,0,61
607644,0,0,0,0,0,0,0,31,0,0,0,4
607680,0,0,0,0,133,0,0,0,27,0,160,0
607732,0,0,0,61,0,0,0,1,0,0,0,1
607752,29,0,0,0,0,8,18,0,1,0,19,0
607755,0,0,0,0,0,0,0,1,0,0,0,1
607776,0,0,0,0,0,1,36,0,2,0,38,0
608032,0,0,0,0,0,0,0,71,0,0,0,71
608070,0,0,126,0,0,3,0,0,0,0,0,0
608324,0,0,99,0,0,6,0,0,0,65,0,0
608328,0,0,0,0,0,0,0,1,0,0,0,1
608331,0,0,0,0,0,0,0,33,0,0,0,3
608334,0,0,0,0,0,0,0,20,0,0,0,18
608336,0,0,0,0,38,7,34,0,0,0,72,0
608337,0,0,0,0,0,0,0,29,0,0,0,0
608339,0,0,5,0,0,0,0,0,0,0,0,0
608344,0,0,0,0,0,0,0,16,0,0,0,13
608348,0,0,1,101,0,0,0,0,0,0,0,0
608365,0,63,0,0,0,0,0,0,0,21,0,0
608369,0,0,0,0,0,0,0,0,0,132,0,0
608371,0,0,0,0,0,0,0,24,0,0,0,20
608379,0,0,0,0,0,0,0,29,0,0,0,5
608384,0,0,0,0,0,0,23,0,5,0,28,0
608385,0,0,0,0,21,1,72,0,18,0,111,0
608475,0,0,73,0,0,2,0,0,0,0,0,0
608566,0,0,0,0,0,0,0,28,0,0,0,0
608577,0,0,0,0,0,8,0,0,101,0,101,0
608596,0,0,0,67,0,5,1,3,0,0,1,3
608597,81,0,0,0,0,1,0,0,0,0,0,0
608638,0,0,0,0,0,0,0,21,0,0,0,21
608648,0,0,0,0,0,0,0,58,0,0,0,58
608652,0,0,0,0,0,0,0,9,0,0,0,8
608671,0,0,0,0,5,0,2,0,5,0,12,0
608678,0,0,0,0,0,0,0,40,0,0,0,40
608686,0,5,1,0,0,0,0,0,0,21,0,0
608700,1,0,0,57,0,1,0,2,0,0,0,2
608715,0,0,0,0,0,0,0,0,0,15,0,0
608716,0,0,0,0,0,0,0,15,0,0,0,15
608717,0,0,0,0,0,0,0,35,0,0,0,30
608718,0,0,0,0,0,0,0,9,0,0,0,9
608723,0,0,0,0,0,0,0,9,0,0,0,1
609275,0,0,0,0,0,2,0,0,0,100,0,0
609280,0,0,4,0,0,8,0,0,0,0,0,0
612434,0,0,0,0,0,0,0,65,0,0,0,65
612672,0,0,0,0,0,0,0,45,0,0,0,45
613317,0,0,0,0,0,0,0,12,0,0,0,12
613534,0,0,0,0,0,0,0,30,0,0,0,28
614173,0,0,0,0,5,0,0,0,4,0,9,0
614177,0,0,0,0,0,47,0,0,86,0,86,0
614179,0,0,0,0,0,0,0,40,0,0,0,39
615698,0,0,0,0,0,0,0,23,0,0,0,5
620439,0,17,0,0,0,0,0,0,0,5,0,0
620443,0,0,0,4,0,0,0,0,0,0,0,0
620446,0,9,6,0,0,0,1,1,0,13,1,1
620453,0,0,0,2,0,0,0,0,0,0,0,0
620454,0,0,0,0,0,0,0,1,0,0,0,1
620982,0,0,0,0,0,0,0,2,0,0,0,2
621002,0,26,43,0,0,0,0,1,0,16,0,1
621005,0,3,0,0,0,3,33,0,3,0,36,0
621006,0,0,0,0,0,1,0,0,0,117,0,0
621020,0,0,0,0,0,0,0,0,0,126,0,0
621028,0,23,6,0,0,0,2,0,0,104,2,0
621035,0,20,6,0,20,0,56,0,3,39,79,0
621043,0,0,0,0,0,0,0,0,0,75,0,0
621052,0,0,0,0,0,0,0,4,0,0,0,4
621056,0,0,0,0,0,0,0,36,0,0,0,34
621058,0,0,0,0,0,0,0,1,0,0,0,0
621078,0,0,0,0,0,0,0,1,0,0,0,1
621086,0,0,0,0,0,0,0,4,0,0,0,0
621097,0,0,0,0,0,0,0,16,0,0,0,3
621107,0,0,0,0,0,0,0,32,0,0,0,4
621111,0,0,0,0,0,0,0,30,0,0,0,0
621112,0,0,0,0,0,0,0,4,0,0,0,3
621114,0,0,0,0,0,0,0,16,0,0,0,15
621141,0,0,0,0,0,0,0,9,0,0,0,5
621142,0,0,0,0,0,0,0,72,0,0,0,72
621199,0,0,0,0,0,0,0,27,0,0,0,27
621219,0,0,0,0,0,0,0,9,0,0,0,5
621237,0,0,0,0,0,0,0,35,0,0,0,34
621242,0,0,0,0,0,0,0,66,0,0,0,66
621244,0,0,0,0,0,0,0,32,0,0,0,0
621249,0,0,0,0,0,0,0,12,0,0,0,12
621261,0,0,0,0,0,0,0,2,0,0,0,2
621289,0,0,0,0,0,0,0,4,0,0,0,4
621294,0,0,0,0,0,0,0,6,0,0,0,6
621295,0,0,0,0,0,0,0,55,0,0,0,55
621311,0,0,0,0,40,0,39,0,24,0,103,0
621345,0,0,0,0,0,0,0,36,0,0,0,36
621350,0,0,0,0,0,0,0,5,0,0,0,5
621363,0,0,0,0,0,0,0,51,0,0,0,51
621366,0,0,0,0,0,0,0,2,0,0,0,0
621368,0,0,0,0,0,0,0,1,0,0,0,0
621381,0,0,0,0,0,0,0,46,0,0,0,30
621385,0,0,0,0,0,0,0,48,0,0,0,48
621389,0,0,0,0,0,0,0,7,0,0,0,2
621397,0,0,0,0,0,0,0,39,0,0,0,39
621433,0,0,0,0,23,0,3,0,3,0,29,0
621438,0,0,0,0,3,0,0,0,8,0,11,0
621439,0,0,0,0,86,1,0,0,0,0,86,0
621446,0,0,0,0,60,0,0,0,11,0,71,0
621450,0,0,0,0,3,0,0,0,1,0,4,0
621453,0,0,0,0,39,0,0,0,34,0,73,0
621458,12,0,5,0,0,1,1,0,0,0,1,0
621466,0,0,0,0,0,3,11,0,26,0,37,0
621493,0,0,4,0,0,2,9,0,0,0,9,0
621512,0,0,0,48,0,0,0,0,0,0,0,0
621514,0,0,0,0,0,12,89,0,0,0,89,0
621532,0,0,0,25,0,0,0,0,0,0,0,0
621550,5,0,4,0,0,0,0,0,0,0,0,0
621559,0,10,2,0,0,0,0,0,0,10,0,0
621563,0,48,27,0,0,0,0,0,1,10,1,0
621566,127,0,0,0,0,0,0,0,0,0,0,0
621573,5,0,0,0,0,0,44,0,5,0,49,0
621592,0,0,0,0,0,0,0,8,0,0,0,8
622046,4,0,0,0,0,1,0,0,0,0,0,0
622065,0,0,0,0,0,0,0,17,0,0,0,2
622072,0,0,0,0,0,0,0,7,0,0,0,0
622075,0,0,0,0,0,0,0,28,0,0,0,28
622092,0,0,0,0,0,0,0,15,0,0,0,15
622103,0,0,0,0,0,0,0,27,0,0,0,27
622110,0,0,46,0,0,0,0,0,0,1,0,0
622168,0,4,21,0,7,0,11,0,12,17,30,0
622250,0,0,0,0,0,0,0,7,0,0,0,7
622251,0,0,0,0,0,0,0,16,0,0,0,16
622253,0,0,0,0,0,0,0,16,0,0,0,16
622259,0,0,0,0,0,0,0,51,0,0,0,50
622268,0,2,0,0,0,0,0,0,0,5,0,0
622446,0,0,0,0,0,0,0,10,0,0,0,2
622491,0,0,0,0,0,0,0,32,0,0,0,0
622492,0,0,0,0,0,0,0,2,0,0,0,2
622505,0,0,0,0,0,0,0,46,0,0,0,46
622534,0,0,0,0,135,0,0,0,0,0,135,0
622554,0,0,0,0,0,0,0,27,0,0,0,27
622569,0,7,2,0,11,0,19,0,19,2,49,0
622608,0,0,0,0,0,0,0,25,0,0,0,0
622663,0,0,0,0,0,0,0,3,0,0,0,0
622666,1,4,18,0,0,1,11,0,5,25,16,0
622682,0,0,0,0,37,0,21,0,9,0,67,0
622694,0,0,0,0,0,0,0,21,0,0,0,6
622766,0,0,0,0,0,0,0,5,0,0,0,5
622772,0,0,0,0,0,0,0,31,0,0,0,31
622774,0,0,0,0,0,0,0,4,0,0,0,4
622783,0,0,0,0,0,0,0,1,0,0,0,1
622786,0,0,0,0,0,0,0,24,0,0,0,24
622795,0,0,0,0,0,0,0,3,0,0,0,3
622797,0,0,0,0,0,0,0,6,0,0,0,2
622864,0,0,0,0,0,0,0,15,0,0,0,15
623149,0,0,0,0,0,0,0,17,0,0,0,17
623167,0,0,0,0,0,0,0,9,0,0,0,8
623168,0,0,0,2,0,0,0,0,0,0,0,0
623180,5,0,2,0,0,0,0,0,0,3,0,0
623184,0,0,0,0,0,0,0,49,0,0,0,49
623205,0,5,4,0,2,0,1,0,0,0,3,0
623214,0,0,0,0,0,0,1,0,0,1,1,0
623323,0,0,0,0,20,0,4,0,1,0,25,0
623352,0,0,0,0,0,0,0,61,0,0,0,61
623354,0,0,0,0,0,0,0,17,0,0,0,17
623364,0,0,0,0,0,0,0,44,0,0,0,44
623381,0,0,0,0,0,0,0,37,0,0,0,30
623402,0,0,0,0,0,0,0,6,0,0,0,6
623430,0,0,0,0,0,0,0,11,0,0,0,11
623433,0,0,0,0,0,0,0,68,0,0,0,68
623439,0,0,0,0,0,0,0,2,0,0,0,2
623454,0,0,0,0,0,0,0,2,0,0,0,2
623465,0,0,0,0,0,0,0,25,0,0,0,25
623470,0,0,0,0,0,0,0,27,0,0,0,27
623474,0,0,0,0,0,0,0,5,0,0,0,5
623515,0,0,0,0,2,0,1,0,0,0,3,0
623520,0,50,67,0,0,0,0,0,1,9,1,0
623912,0,0,0,0,27,0,61,0,55,0,143,0
623913,0,0,0,0,0,0,0,25,0,0,0,25
623993,0,0,0,0,24,3,40,0,50,0,114,0
624133,0,0,0,0,0,0,0,37,0,0,0,37
624407,0,8,0,0,1,0,0,0,0,2,1,0
624413,156,0,0,0,0,1,0,0,0,0,0,0
624414,0,1,13,0,0,0,0,0,0,0,0,0
624415,8,85,0,0,0,4,1,0,8,0,9,0
624419,0,0,0,3,0,0,0,0,0,0,0,0
624424,0,0,0,0,39,0,0,0,132,0,171,0
624428,0,142,0,0,0,0,0,0,0,0,0,0
624431,0,0,0,40,0,0,0,0,0,0,0,0
624512,0,0,0,30,0,0,0,0,0,0,0,0
624513,0,0,0,14,0,0,0,0,0,0,0,0
624577,0,0,0,0,0,1,0,0,146,0,146,0
624585,0,0,0,0,0,107,0,0,56,0,56,0
624586,0,0,0,0,0,0,0,8,0,0,0,8
624641,0,4,0,0,0,0,0,0,0,0,0,0
625510,0,1,0,0,7,0,0,0,0,1,7,0
625643,0,0,0,0,0,0,0,33,0,0,0,0
626929,0,0,0,0,0,0,0,12,0,0,0,10
628317,0,0,0,0,0,0,0,37,0,0,0,11
628333,0,0,0,0,0,0,0,3,0,0,0,0
628338,0,0,0,0,41,1,14,0,28,0,83,0
628356,0,0,44,0,0,0,0,0,0,15,0,0
628452,0,0,0,0,0,0,0,68,0,0,0,68
628711,0,0,0,0,0,0,0,37,0,0,0,29
630023,0,0,0,0,0,0,0,26,0,0,0,8
630111,0,0,0,0,0,1,0,0,0,0,0,0
630263,0,0,0,0,0,0,0,1,0,0,0,1
639373,0,0,0,0,0,0,0,8,0,0,0,6
640447,0,0,0,0,25,0,61,0,17,0,103,0
640449,0,0,0,0,0,15,17,0,36,0,53,0
640451,0,0,0,0,0,0,0,7,0,0,0,7
640455,0,0,0,0,0,0,0,5,0,0,0,0
640457,0,0,0,0,3,44,34,0,57,0,94,0
640458,0,0,0,0,82,1,24,0,9,0,115,0
640460,1,0,0,0,2,1,9,0,2,0,13,0
640461,2,21,17,0,5,2,46,0,34,3,85,0
640462,0,0,0,0,0,0,0,10,0,0,0,10
640464,0,0,0,0,0,0,0,9,0,0,0,7
640470,0,0,0,0,0,0,0,4,0,0,0,2
641149,0,0,0,0,0,0,0,32,0,0,0,32
641154,0,0,0,0,0,0,0,21,0,0,0,0
641302,0,0,0,0,0,0,0,13,0,0,0,5
641312,0,0,0,0,0,0,0,28,0,0,0,12
641313,0,0,0,0,0,0,0,0,0,122,0,0
641341,0,0,0,0,0,0,0,24,0,0,0,24
641343,31,0,0,0,0,35,53,0,0,0,53,0
641355,36,0,0,0,25,0,0,0,115,0,140,0
641432,0,0,0,0,0,7,71,0,0,0,71,0
641438,0,0,0,0,0,0,0,6,0,0,0,6
641470,1,0,0,10,0,14,0,0,0,0,0,0
641477,0,0,0,0,19,0,2,0,72,0,93,0
641482,0,0,0,0,0,0,0,33,0,0,0,32
641487,0,0,0,0,0,0,0,0,0,93,0,0
641505,0,0,0,0,33,1,1,0,2,0,36,0
641513,0,0,0,0,0,0,0,0,47,0,47,0
641525,61,3,4,0,1,15,26,2,7,0,34,2
641531,7,0,100,0,0,15,0,0,20,0,20,0
641541,0,0,0,0,0,0,0,15,0,0,0,12
641553,0,0,0,0,86,0,0,0,0,0,86,0
641571,0,0,0,0,0,0,0,12,0,0,0,9
641584,0,0,0,0,11,0,0,0,1,0,12,0
641598,1,0,0,82,0,4,0,0,0,0,0,0
641627,0,0,0,0,0,0,0,50,0,0,0,50
641645,0,8,5,0,0,1,0,0,0,8,0,0
641658,0,50,0,0,31,0,2,0,0,15,33,0
641684,0,0,0,0,5,0,14,0,2,0,21,0
641712,0,0,0,0,0,0,0,33,0,0,0,1
641729,0,0,0,0,0,0,0,66,0,0,0,66
641743,0,0,0,0,0,0,0,3,0,0,0,1
641745,0,0,0,0,0,0,0,28,0,0,0,0
641755,0,0,0,0,0,0,0,52,0,0,0,52
641778,0,0,0,0,0,0,0,30,0,0,0,1
641786,0,0,0,0,2,0,0,0,17,0,19,0
641793,0,0,0,0,0,0,0,29,0,0,0,29
641796,0,0,0,0,20,0,34,0,25,0,79,0
641816,0,0,0,0,0,0,0,25,0,0,0,0
641820,56,0,0,0,0,17,6,0,87,0,93,0
641829,0,0,0,0,3,0,12,0,0,0,15,0
641835,0,0,0,0,0,0,0,68,0,0,0,68
641838,0,0,0,0,0,0,0,56,0,0,0,56
641851,0,0,0,0,0,0,0,7,0,0,0,6
641853,0,0,0,0,0,0,0,25,0,0,0,25
641856,9,0,0,0,0,3,29,0,43,0,72,0
641857,19,113,22,0,0,0,0,0,0,0,0,0
641871,0,0,0,0,0,0,0,11,0,0,0,11
641878,0,0,0,0,8,0,2,0,2,0,12,0
641914,0,20,5,0,0,1,0,0,0,0,0,0
641924,1,0,0,6,0,0,0,0,0,0,0,0
641933,0,0,0,0,3,0,33,0,8,0,44,0
641941,0,0,0,0,0,0,0,66,0,0,0,66
642003,0,0,0,0,0,0,0,3,0,0,0,3
642008,0,0,0,0,0,0,0,5,0,0,0,5
642028,0,0,0,0,0,0,0,5,0,0,0,5
642067,0,0,0,0,0,0,0,14,0,0,0,14
642073,0,0,0,0,0,0,0,17,0,0,0,17
642082,1,0,0,52,0,3,0,0,0,0,0,0
642083,0,0,0,0,0,0,0,1,0,0,0,1
642086,36,0,0,0,0,0,32,0,1,0,33,0
642098,0,0,0,0,0,0,0,31,0,0,0,8
642100,0,0,0,0,0,0,0,9,0,0,0,9
642121,0,0,0,0,0,0,0,7,0,0,0,7
642133,57,0,0,0,0,45,0,0,0,0,0,0
642136,13,0,43,0,0,0,0,0,0,0,0,0
642152,0,0,0,0,0,0,0,61,0,0,0,61
642162,1,13,3,0,0,1,0,0,0,7,0,0
642165,17,18,6,0,0,2,47,0,2,0,49,0
642180,0,18,5,0,2,2,14,0,2,4,18,0
642207,0,0,0,0,0,0,0,13,0,0,0,13
642221,0,3,0,0,0,0,0,0,2,0,2,0
642226,0,0,0,0,0,0,0,2,0,0,0,2
642231,0,0,0,0,0,0,0,29,0,0,0,25
642232,0,0,0,0,0,0,0,28,0,0,0,14
642233,0,0,0,0,0,0,0,10,0,0,0,10
642336,0,0,0,60,0,2,4,0,0,0,4,0
642397,0,0,0,0,0,0,0,33,0,0,0,26
642423,0,0,0,0,9,0,0,0,5,0,14,0
642528,0,0,0,0,0,0,0,15,0,0,0,11
642545,0,0,0,0,0,0,0,19,0,0,0,6
642546,0,0,0,0,0,0,0,9,0,0,0,7
642547,0,0,0,0,0,0,0,39,0,0,0,31
642558,0,0,0,0,0,0,0,32,0,0,0,14
642578,0,0,0,0,0,0,0,9,0,0,0,8
642607,0,0,0,0,0,0,0,15,0,0,0,1
642701,0,0,0,0,0,0,0,3,0,0,0,3
642708,0,0,0,0,0,1,1,0,0,152,1,0
642715,0,0,0,0,0,0,0,0,0,152,0,0
642721,0,0,18,0,0,2,0,0,0,0,0,0
642731,0,17,0,0,0,1,2,0,2,9,4,0
642736,0,8,1,0,0,0,0,0,0,2,0,0
642770,0,0,0,0,0,0,0,8,0,0,0,8
642840,0,0,0,0,0,0,0,18,0,0,0,18
642851,0,0,0,25,0,0,0,0,0,0,0,0
643217,0,0,0,0,12,0,131,0,0,0,143,0
643230,0,0,0,0,0,0,0,25,0,0,0,6
643256,0,0,0,0,0,0,0,68,0,0,0,68
643265,73,0,0,0,0,2,0,0,31,0,31,0
643275,0,0,0,0,2,0,1,0,0,0,3,0
643289,0,22,0,0,0,0,0,0,0,10,0,0
643290,0,0,0,0,0,0,0,4,0,0,0,0
643316,0,0,0,0,0,0,0,66,0,0,0,66
643327,0,0,0,0,0,0,0,33,0,0,0,24
643338,0,0,0,0,0,0,0,54,0,0,0,39
643354,0,0,0,0,0,0,0,5,0,0,0,5
643376,0,0,0,103,0,4,0,0,0,0,0,0
643393,0,43,0,0,12,6,20,0,3,0,35,0
643396,0,0,25,38,0,1,0,0,0,0,0,0
643418,0,24,1,0,0,1,16,0,0,0,16,0
643436,6,0,0,0,0,0,3,0,12,0,15,0
643446,0,37,31,0,0,0,71,0,42,0,113,0
643466,0,0,0,0,0,0,0,10,0,0,0,10
643478,0,0,0,0,0,0,0,7,0,0,0,3
643493,0,0,0,0,0,0,0,14,0,0,0,12
643511,0,0,0,0,0,0,0,17,0,0,0,17
643524,5,0,0,0,0,0,0,0,0,0,0,0
643565,0,0,0,0,14,0,59,0,19,0,92,0
643603,56,0,0,0,0,19,0,4,0,0,0,4
643615,0,0,0,0,0,0,0,5,0,0,0,2
643617,0,0,0,0,0,0,0,25,0,0,0,24
643778,0,0,0,0,0,0,0,65,0,0,0,65
644364,0,0,0,0,0,0,0,3,0,0,0,3
644374,0,0,25,0,0,0,0,0,0,8,0,0
645261,0,0,0,0,0,0,0,32,0,0,0,0
645277,0,158,0,0,0,0,0,0,0,0,0,0
645302,0,0,0,0,141,0,0,0,15,0,156,0
645801,29,0,0,0,0,13,0,1,0,0,0,1
646240,0,0,152,0,0,1,0,0,0,1,0,0
647304,0,0,0,0,0,4,33,0,31,0,64,0
647336,0,0,0,0,0,0,0,29,0,0,0,0
647351,1,0,24,0,0,0,0,0,0,0,0,0
649557,26,25,19,0,0,2,4,0,0,5,4,0
649966,0,26,1,0,0,0,0,0,0,41,0,0
650333,0,49,17,0,0,5,21,0,0,8,21,0
650382,0,0,0,0,0,0,0,29,0,0,0,28
650391,0,0,0,0,0,8,114,0,0,0,114,0
650402,0,65,0,0,0,5,0,0,0,77,0,0
650489,0,0,0,0,0,0,0,0,0,29,0,0
650490,22,0,50,0,0,16,0,0,0,0,0,0
650530,0,0,0,0,0,0,0,7,0,0,0,7
650556,0,0,0,0,0,0,0,7,0,0,0,7
650619,0,0,0,41,0,0,0,0,0,0,0,0
650633,0,0,0,0,0,0,0,1,0,0,0,1
650644,0,0,0,0,0,0,0,10,0,0,0,0
650671,0,0,0,0,0,0,0,34,0,0,0,34
650738,0,0,0,0,0,0,0,1,0,0,0,1
650813,0,0,0,0,0,0,0,4,0,0,0,4
650859,0,104,0,0,0,0,0,0,0,12,0,0
650893,0,0,0,0,0,0,0,13,0,0,0,11
650895,0,0,0,0,0,0,0,65,0,0,0,59
656185,0,0,0,0,18,0,60,0,13,0,91,0
656186,0,0,0,0,0,0,0,17,0,0,0,17
656222,0,0,0,0,0,0,0,33,0,0,0,30
656252,5,0,0,0,0,8,0,0,0,0,0,0
656257,0,0,0,0,0,0,0,32,0,0,0,32
656271,0,0,0,0,0,0,0,6,0,0,0,0
656288,0,0,0,0,0,0,0,18,0,0,0,1
656302,0,0,0,0,0,0,0,14,0,0,0,0
656305,0,0,156,0,0,0,0,0,0,0,0,0
656308,49,45,5,0,0,1,0,0,0,0,0,0
656322,0,0,0,0,0,0,0,33,0,0,0,33
656354,0,0,0,0,0,0,0,14,0,0,0,14
656371,0,48,0,0,0,0,0,0,0,0,0,0
656427,0,0,0,0,0,0,0,33,0,0,0,0
656464,0,0,0,0,0,0,0,25,0,0,0,25
656514,0,0,0,0,40,0,22,0,10,0,72,0
656541,0,0,0,0,17,0,5,0,6,0,28,0
656546,0,0,0,0,0,0,0,15,0,0,0,0
656547,0,0,0,0,0,0,0,34,0,0,0,33
656555,158,0,0,0,0,2,0,0,0,0,0,0
656577,0,0,0,4,0,0,0,0,0,0,0,0
656582,0,0,0,0,0,0,5,0,0,0,5,0
656605,0,0,0,0,0,0,0,11,0,0,0,0
656669,0,0,0,0,4,3,34,0,42,0,80,0
656685,0,0,0,0,0,0,0,51,0,0,0,49
656686,0,0,0,0,0,0,0,5,0,0,0,0
656713,0,0,0,0,0,2,0,13,0,0,0,2
656725,0,0,0,0,0,0,0,11,0,0,0,9
656756,0,0,0,0,0,0,0,2,0,0,0,1
656775,0,0,0,0,22,0,0,0,0,0,22,0
656794,0,0,0,0,0,0,0,55,0,0,0,51
656803,0,0,0,0,0,0,0,9,0,0,0,9
656811,94,0,0,0,0,2,2,0,0,0,2,0
656814,0,0,0,0,0,0,0,1,0,0,0,0
656887,0,0,0,0,0,0,0,9,0,0,0,3
656941,0,0,0,1,0,2,140,0,0,0,140,0
656945,0,0,0,0,0,0,0,28,0,0,0,28
656954,0,0,0,0,0,0,0,8,0,0,0,1
656970,0,0,0,0,0,0,0,11,0,0,0,5
656977,0,0,0,0,0,0,0,32,0,0,0,32
657024,0,0,0,0,0,0,0,27,0,0,0,19
657031,0,0,0,0,0,0,0,52,0,0,0,51
657041,0,0,0,0,19,0,2,0,5,0,26,0
657053,0,0,0,0,0,0,0,24,0,0,0,23
657061,0,0,0,0,0,0,0,0,0,45,0,0
657077,0,0,0,0,61,0,22,0,25,0,108,0
657097,0,0,0,0,0,0,0,36,0,0,0,36
657117,0,0,0,0,0,0,0,2,0,0,0,2
657140,0,0,0,0,0,0,0,7,0,0,0,3
657141,0,0,0,0,0,0,0,15,0,0,0,0
657145,0,0,0,0,0,0,2,0,6,0,8,0
657228,0,0,0,0,0,0,0,18,0,0,0,18
657277,0,0,0,0,0,0,0,8,0,0,0,0
657434,2,0,0,0,11,1,6,0,0,0,17,0
657557,0,0,0,0,0,0,0,0,0,157,0,0
657566,0,0,0,0,0,0,0,14,0,0,0,12
657571,0,0,0,0,0,0,0,46,0,0,0,44
657585,0,0,0,0,0,0,0,13,0,0,0,13
657610,0,0,0,0,0,0,0,22,0,0,0,22
657612,0,0,0,0,0,0,0,46,0,0,0,46
657624,0,0,0,0,0,0,0,49,0,0,0,48
657656,0,0,0,0,110,0,0,0,13,0,123,0
657766,0,0,0,0,0,0,0,7,0,0,0,7
658069,11,0,2,0,0,0,0,0,0,0,0,0
658305,0,0,0,0,0,0,0,37,0,0,0,37
658551,0,0,0,0,0,0,0,13,0,0,0,13
658648,0,0,0,0,0,0,0,1,0,0,0,0
658791,0,0,0,0,0,0,0,4,0,0,0,4
658792,0,0,0,0,0,0,0,8,0,0,0,8
659275,0,0,0,0,0,0,0,14,0,0,0,0
660162,0,0,129,0,0,1,0,0,0,0,0,0
660271,0,0,0,0,0,92,0,0,0,0,0,0
660494,0,0,0,0,0,0,0,5,0,0,0,3
660546,0,0,0,0,0,0,0,1,0,0,0,1
660623,0,0,0,0,0,0,0,2,0,0,0,2
660670,0,0,0,0,100,0,46,0,35,0,181,0
660761,0,0,0,0,0,0,0,19,0,0,0,4
660813,0,0,0,0,0,0,0,10,0,0,0,10
660853,0,0,0,0,0,0,0,5,0,0,0,4
660896,0,0,0,0,0,0,0,2,0,0,0,2
661255,0,0,0,0,0,0,0,70,0,0,0,70
661403,0,0,0,0,0,0,0,21,0,0,0,20
662253,0,0,0,0,0,0,0,22,0,0,0,22
663423,0,0,0,0,0,0,0,32,0,0,0,3
663432,0,0,0,0,0,0,0,52,0,0,0,52
663465,0,0,0,0,0,0,0,9,0,0,0,0
663531,0,0,0,0,0,0,0,9,0,0,0,5
663538,0,1,0,0,1,0,0,0,0,17,1,0
663567,0,0,0,0,0,0,0,19,0,0,0,0
663586,6,0,5,0,0,1,58,0,2,0,60,0
663656,4,0,0,0,0,1,11,0,11,0,22,0
663757,0,0,0,0,21,0,17,0,16,0,54,0
663776,0,0,0,0,0,0,0,10,0,0,0,1
663855,0,0,0,0,0,0,0,29,0,0,0,29
663898,0,16,0,0,0,0,0,0,0,9,0,0
663978,0,0,0,0,0,0,0,26,0,0,0,0
663992,0,0,0,0,0,0,0,25,0,0,0,25
663993,21,0,4,0,0,17,0,0,0,0,0,0
664023,7,13,8,0,13,0,15,0,8,0,36,0
664034,1,21,36,0,0,0,0,2,0,0,0,2
664040,5,69,0,0,0,3,2,0,5,0,7,0
664041,0,0,0,0,0,1,0,0,15,0,15,0
664042,0,0,0,0,0,0,0,16,0,0,0,13
664045,0,0,0,0,0,0,0,10,0,0,0,6
664054,0,0,0,0,0,0,0,18,0,0,0,17
664056,0,0,0,0,122,0,0,0,0,0,122,0
664057,0,0,0,0,0,0,5,0,0,0,5,0
664058,0,42,90,0,0,0,21,0,2,39,23,0
664059,0,1,0,0,0,0,0,0,1,0,1,0
664062,0,0,0,0,0,0,0,11,0,0,0,5
664068,0,10,41,0,65,0,10,0,1,18,76,0
664092,0,0,0,0,0,0,0,4,0,0,0,4
664119,2,0,0,19,0,0,0,0,0,0,0,0
664126,0,0,0,0,0,0,0,21,0,0,0,21
664129,0,0,0,0,0,0,0,29,0,0,0,29
664139,0,0,0,0,0,0,0,10,0,0,0,10
664157,0,0,0,0,0,0,0,21,0,0,0,21
664180,0,0,0,0,0,0,0,16,0,0,0,16
664192,0,0,0,0,0,0,0,30,0,0,0,0
664196,0,0,0,0,0,0,0,5,0,0,0,0
664199,0,0,0,0,0,0,0,23,0,0,0,8
664208,0,0,0,0,0,0,0,30,0,0,0,30
664238,5,18,14,0,4,3,31,1,11,31,46,1
664247,0,0,0,0,0,0,12,0,5,0,17,0
664285,0,0,0,0,0,0,0,26,0,0,0,18
664353,0,0,0,0,0,0,0,9,0,0,0,2
664702,0,4,0,0,11,2,8,0,2,26,21,0
664774,1,0,0,0,14,1,8,0,6,0,28,0
664854,0,0,0,0,0,0,0,24,0,0,0,24
664856,0,0,0,0,0,0,0,13,0,0,0,13
664871,0,0,0,0,0,0,0,13,0,0,0,12
664874,0,0,0,3,0,0,0,0,0,0,0,0
664901,0,3,3,0,0,4,0,0,0,5,0,0
664913,4,0,0,0,0,0,23,0,0,0,23,0
664918,0,0,0,0,0,0,0,10,0,0,0,10
664926,0,0,0,20,0,0,0,0,0,0,0,0
665001,0,0,0,0,0,0,0,10,0,0,0,10
665093,0,0,0,0,0,0,0,14,0,0,0,14
665120,24,0,0,0,0,0,0,5,0,0,0,5
665487,0,0,0,0,0,0,0,0,0,83,0,0
665489,0,0,96,0,0,24,0,0,0,0,0,0
665742,0,0,0,0,0,0,150,0,0,0,150,0
666158,0,22,0,0,0,0,0,0,0,0,0,0
666182,0,0,0,0,0,4,0,0,0,42,0,0
666198,0,0,0,0,0,0,0,0,0,10,0,0
666200,0,0,0,0,0,0,0,6,0,0,0,6
666971,3,9,0,0,0,9,63,0,0,0,63,0
667498,0,0,0,0,0,0,0,7,0,0,0,0
668227,0,0,0,0,5,0,1,0,6,0,12,0
668663,0,0,0,1,0,0,0,0,0,0,0,0
668665,0,0,0,0,0,0,0,7,0,0,0,7
668670,0,0,0,34,0,1,0,0,0,0,0,0
668676,0,0,0,0,0,0,0,21,0,0,0,0
668678,0,0,0,0,0,0,0,15,0,0,0,0
668683,0,0,0,0,0,0,0,6,0,0,0,6
668800,1,0,0,16,0,0,0,0,0,0,0,0
668804,0,0,0,0,25,0,79,0,31,0,135,0
668942,0,1,0,0,0,0,33,0,6,0,39,0
669060,0,0,0,0,0,0,0,6,0,0,0,2
669160,0,0,0,0,0,0,0,14,0,0,0,10
669203,0,0,0,0,0,0,0,32,0,0,0,28
669214,0,0,0,0,0,0,0,8,0,0,0,5
669221,0,0,0,18,0,2,0,0,0,0,0,0
669222,0,1,0,0,96,0,0,0,0,0,96,0
669242,0,29,55,0,1,0,1,0,12,0,14,0
669256,0,5,11,0,0,17,0,0,0,0,0,0
669257,0,0,0,46,0,1,0,0,0,0,0,0
669270,0,0,0,0,0,0,0,11,0,0,0,11
669374,0,81,0,0,0,0,0,0,0,0,0,0
669456,0,0,0,0,0,0,0,34,0,0,0,1
669720,0,0,0,0,20,0,0,0,0,0,20,0
669738,2,0,1,0,0,0,0,0,0,0,0,0
670032,0,76,0,0,0,1,0,0,0,33,0,0
670036,0,0,0,0,0,0,0,20,0,0,0,20
670167,0,0,0,0,0,0,0,13,0,0,0,13
670280,0,0,0,0,0,0,0,13,0,0,0,13
670329,0,0,0,0,0,0,0,2,0,0,0,1
670426,0,0,0,0,0,0,0,10,0,0,0,10
670456,0,0,0,0,0,0,0,20,0,0,0,20
670541,0,0,0,0,0,74,10,0,0,0,10,0
670712,1,26,18,0,0,1,5,3,6,0,11,3
670950,0,0,0,0,0,0,0,30,0,0,0,7
670970,0,0,0,0,0,0,0,5,0,0,0,3
671790,0,0,0,0,0,0,0,5,0,0,0,2
672335,0,0,0,0,0,0,0,5,0,0,0,5
672773,0,0,0,0,0,0,0,25,0,0,0,25
673258,0,0,0,0,0,0,0,24,0,0,0,23
673633,0,0,0,0,0,0,0,62,0,0,0,62
675916,0,0,0,0,0,0,0,5,0,0,0,5
676606,0,0,0,0,0,0,0,17,0,0,0,5
677976,0,0,0,0,0,0,0,9,0,0,0,4
