mlbam_id,AB,R,H,2B,3B,HR,RBI,SB,CS,BB,SO,HBP,SH,SF
458006,1,1,1,1,0,0,0,0,0,0,0,0,0,0
621244,1,0,1,0,0,0,0,0,0,0,0,0,0,0
643297,1,0,1,0,0,0,0,0,0,0,0,0,0,0
518715,1,0,1,0,0,0,0,0,0,0,0,0,0,0
543548,2,0,2,0,0,0,0,0,0,0,0,0,0,0
424144,3,1,2,1,0,0,0,0,0,0,0,0,0,0
570639,3,5,2,1,0,0,0,4,2,0,1,0,0,0
621389,4,1,2,0,0,0,0,0,0,0,0,0,0,0
571602,2,1,1,0,0,0,1,0,0,0,1,0,0,0
451596,4,1,2,0,0,0,0,0,0,1,1,0,1,0
543308,2,1,1,1,0,0,0,0,0,0,0,0,0,0
502706,2,0,1,0,0,0,0,0,0,0,1,0,0,0
476633,8,4,4,1,0,2,4,0,0,0,3,0,0,0
605508,2,0,1,0,0,0,0,0,0,0,0,0,0,0
491696,25,4,12,2,0,1,5,0,0,2,5,2,0,0
641958,18,1,8,1,0,0,2,0,1,1,1,0,0,0
500874,16,4,7,1,0,0,1,0,0,2,1,0,0,0
607732,15,0,6,1,0,0,2,1,0,0,4,0,0,0
458708,5,1,2,1,0,0,0,0,0,0,2,0,1,0
596133,13,1,5,0,0,0,0,0,0,0,4,0,0,0
592669,35,8,13,3,0,4,14,0,0,1,5,0,0,0
641820,14,3,5,1,0,3,5,0,0,0,4,1,0,0
518934,552,104,192,32,8,11,66,11,7,66,80,3,8,6
502517,531,88,184,47,5,25,104,5,3,35,57,8,0,8
607208,307,53,105,14,8,13,40,33,6,14,59,1,0,2
514888,640,108,216,42,5,24,96,30,10,60,70,7,3,7
645848,3,0,1,1,0,0,0,0,0,1,0,0,0,0
548357,3,1,1,0,0,0,0,0,0,0,0,0,0,0
517448,3,0,1,0,0,0,1,0,0,0,1,0,0,0
608325,6,2,2,2,0,0,2,0,0,0,2,1,0,0
506433,3,1,1,0,0,1,1,0,0,0,1,0,0,0
501822,3,0,1,0,0,0,1,0,0,0,0,0,0,0
493128,21,3,7,2,0,0,1,2,0,4,5,1,0,0
621121,3,1,1,0,0,0,0,0,0,0,0,0,0,0
527048,3,0,1,0,0,0,0,0,0,0,1,0,1,0
519168,3,1,1,0,0,1,1,0,0,0,1,0,0,0
608061,105,10,35,4,1,3,16,0,0,3,17,1,0,4
448605,24,4,8,1,0,2,7,0,1,2,10,0,0,0
502327,3,0,1,0,0,0,0,0,0,0,1,0,0,0
570649,3,0,1,0,0,0,0,0,0,0,2,0,0,0
458015,556,101,181,34,2,29,97,8,1,108,120,5,0,8
606299,241,25,78,8,2,3,25,21,10,7,33,5,0,3
453568,578,111,187,35,5,29,82,17,9,43,102,13,3,4
600474,28,6,9,2,0,2,4,0,0,5,3,1,0,0
516416,637,102,203,41,7,20,64,33,10,39,101,12,4,2
605141,672,122,214,42,5,31,113,26,4,49,80,2,0,7
456030,633,105,201,36,1,15,74,7,4,61,73,0,1,3
571681,41,2,13,1,0,0,5,0,2,3,8,0,0,0
408234,595,92,188,31,1,38,108,0,0,75,116,4,0,5
621311,222,42,70,12,4,7,24,5,0,15,59,0,0,0
457727,349,65,110,14,5,4,43,15,6,36,69,3,2,1
545361,549,123,173,32,5,29,100,30,7,116,137,11,0,5
120074,537,79,169,48,1,38,127,2,0,80,86,2,0,7
592808,105,19,33,9,1,3,16,1,1,8,25,1,0,1
592731,51,9,16,2,0,2,7,1,0,2,22,0,1,0
570481,16,2,5,0,0,0,0,0,1,1,8,0,0,0
608070,565,84,176,46,3,11,76,22,7,44,62,4,1,4
454975,45,6,14,0,3,0,2,1,0,0,11,0,0,0
516782,489,71,152,34,5,9,46,47,12,23,104,16,1,0
506702,252,36,78,17,2,7,35,0,0,23,66,2,4,2
608369,627,105,193,40,5,26,72,3,3,54,133,4,0,2
474865,13,1,4,0,0,0,0,0,1,0,3,0,2,0
542513,13,1,4,0,0,1,4,0,0,0,2,0,0,0
425877,534,56,164,38,1,8,58,3,2,39,63,6,0,2
467092,482,58,148,25,0,22,80,0,0,35,79,2,0,4
502110,460,69,141,35,2,22,68,1,2,49,128,3,0,5
571578,49,7,15,3,1,0,4,0,1,1,14,0,3,0
460075,511,80,156,23,3,30,91,16,5,46,98,4,0,3
445988,600,70,183,37,3,8,75,2,2,49,69,4,0,5
592387,269,36,82,20,0,13,37,0,0,12,60,1,1,0
488862,517,68,157,28,1,5,39,0,3,40,67,3,3,4
592663,509,60,154,31,0,11,48,12,4,28,100,5,0,3
462101,506,75,153,31,7,8,69,24,8,47,70,4,4,7
621020,129,20,39,7,1,3,17,3,0,13,34,0,1,2
518692,589,102,178,43,6,34,91,6,1,89,171,10,0,5
449181,457,52,138,24,4,5,43,14,3,13,105,7,3,3
547957,305,36,92,16,1,6,22,1,3,36,51,4,0,1
624428,146,21,44,8,1,2,11,4,1,12,26,1,0,1
596019,604,99,182,30,3,15,78,19,5,57,88,5,3,15
134181,583,89,175,31,1,32,104,1,1,48,66,6,0,3
468504,10,1,3,0,0,0,1,0,0,0,1,0,0,0
581527,410,54,123,28,1,11,50,4,1,20,87,0,1,1
649557,404,71,121,28,3,17,65,4,4,41,60,7,2,6
455369,87,9,26,6,1,1,10,0,0,2,16,2,0,0
518586,67,6,20,3,0,1,7,1,0,1,13,0,0,0
596142,201,34,60,12,0,20,42,1,0,24,57,2,0,2
471865,584,87,174,42,2,25,100,2,2,46,129,1,0,1
429664,655,107,195,33,2,39,103,0,1,47,100,8,0,5
592885,578,78,172,38,3,21,98,9,4,72,138,4,0,5
502671,579,106,172,33,3,24,95,32,5,110,150,7,0,8
592863,27,4,8,1,0,0,2,0,0,1,12,0,1,0
466320,591,70,175,42,5,14,86,2,0,47,69,0,3,5
571980,321,52,95,18,5,14,43,6,3,36,112,4,2,2
136860,552,73,163,33,0,29,93,1,0,35,101,2,0,4
643217,105,16,31,11,1,2,14,1,0,10,25,1,1,1
571448,618,116,182,35,6,41,133,2,3,68,103,2,0,8
593428,652,115,192,34,1,21,89,13,4,58,123,6,0,3
514917,547,67,161,14,11,6,39,17,13,66,116,2,5,2
593523,51,11,15,1,0,1,5,1,0,5,10,0,0,0
592518,640,105,188,40,1,37,96,0,3,48,120,3,0,5
547989,624,67,183,32,1,25,100,0,2,47,125,15,0,9
605509,106,13,31,4,0,0,6,5,1,12,18,1,1,0
592178,603,121,176,35,3,39,102,8,5,75,154,18,0,3
518960,490,67,143,24,3,24,81,5,0,47,100,3,0,4
435180,24,2,7,0,0,0,1,0,0,0,4,0,0,0
519203,583,94,170,43,4,32,109,3,5,74,108,16,0,3
542255,522,85,152,24,7,3,29,16,7,45,68,4,5,2
445055,347,49,101,26,1,2,26,2,0,19,78,6,1,0
408252,550,74,160,34,1,11,64,14,8,18,68,8,2,6
400085,327,48,95,15,5,1,22,10,2,30,42,3,3,2
400121,553,65,160,22,0,27,86,0,0,50,90,4,0,3
452254,395,58,114,23,1,13,57,1,1,43,95,1,0,3
435079,618,117,178,29,4,28,83,14,6,45,115,13,0,3
456665,264,35,76,13,1,13,35,0,3,34,54,3,0,1
457763,539,82,155,33,2,14,80,6,1,64,68,3,0,8
456488,553,73,159,24,4,16,67,40,10,29,88,5,2,6
456715,397,56,114,19,1,9,56,14,5,31,84,2,0,4
443558,589,96,169,27,1,43,105,2,0,62,159,9,0,7
502143,471,72,135,22,1,17,51,1,1,41,115,3,0,2
546318,583,87,167,21,6,15,49,25,7,63,134,6,2,2
500208,405,55,116,26,1,15,71,1,1,30,63,5,0,3
434670,549,81,157,28,1,30,111,9,3,60,120,7,0,4
502082,385,43,110,25,5,8,57,6,0,23,70,3,3,4
571718,42,1,12,4,1,0,5,0,0,2,14,0,0,0
492802,14,2,4,2,0,0,3,0,0,0,3,0,1,0
457918,7,2,2,0,0,0,0,0,0,0,3,0,3,0
501888,7,1,2,0,0,0,2,0,0,1,0,1,1,0
434538,42,2,12,1,0,1,5,0,0,0,16,0,0,0
547004,7,1,2,0,1,0,2,1,0,0,2,0,0,0
542340,589,92,168,38,3,19,63,62,18,79,174,2,5,4
408236,568,69,162,31,0,18,90,0,2,55,117,4,0,6
435622,625,107,178,29,3,22,86,21,6,44,160,5,0,3
592206,411,54,117,25,4,18,58,1,1,28,111,3,0,5
460077,123,18,35,10,1,4,16,0,0,8,36,0,2,0
594809,619,91,176,29,9,14,59,14,5,63,115,14,7,3
518626,577,122,164,32,5,37,99,7,1,109,119,9,2,3
456714,250,27,71,18,0,5,35,0,0,21,42,0,0,3
543302,148,21,42,5,4,6,28,4,0,16,44,0,1,1
543281,487,57,138,25,7,4,59,19,4,18,76,5,4,8
493114,417,63,118,24,4,4,28,7,9,34,45,9,5,1
593160,311,44,88,22,3,2,29,8,3,19,72,0,1,1
641313,410,57,116,22,6,9,30,10,2,13,117,1,6,1
622194,92,8,26,6,1,1,14,0,0,8,24,0,0,1
448602,393,61,111,24,0,14,53,1,2,42,112,4,0,2
592273,461,59,130,31,1,16,53,1,1,31,100,3,0,4
573135,298,33,84,14,0,8,38,11,5,13,62,3,2,3
575929,252,33,71,14,1,12,35,2,2,26,67,4,0,1
593871,245,24,69,15,4,4,27,4,3,17,46,3,2,3
435522,412,57,116,9,1,23,55,3,1,42,84,1,0,3
502210,398,53,112,17,1,10,37,8,3,39,56,0,0,1
592743,448,48,126,22,2,4,44,10,1,28,38,2,1,4
452678,521,65,146,30,1,23,62,5,1,38,103,7,0,2
543257,332,49,93,19,1,11,37,2,3,55,96,2,0,0
493316,479,72,134,25,1,31,86,3,1,51,108,7,0,6
518618,351,39,98,20,5,7,42,1,0,32,84,24,0,5
518490,61,8,17,3,0,1,7,0,0,3,17,0,0,0
572122,597,89,166,36,3,30,99,3,1,69,108,8,0,2
489232,90,6,25,8,0,2,15,1,0,16,22,2,3,1
543068,407,51,113,25,2,16,69,2,3,24,75,7,0,5
502481,299,46,83,14,8,1,25,30,7,26,39,3,8,1
594838,220,26,61,12,1,2,13,3,0,15,46,1,2,2
572008,437,52,121,24,11,5,49,21,2,20,87,5,2,2
546991,112,14,31,9,1,3,14,0,0,5,20,0,0,0
434636,495,71,137,24,5,12,55,15,4,42,66,0,0,3
451594,456,84,126,25,7,13,48,13,4,79,124,11,1,4
594694,58,14,16,3,0,1,7,3,0,8,12,0,0,0
455759,203,29,56,18,0,9,24,4,2,21,50,3,0,0
544369,562,68,155,32,2,20,70,7,1,19,82,6,5,5
594824,214,33,59,11,0,3,17,1,1,38,50,4,0,1
543401,610,91,168,41,4,23,82,15,3,60,146,6,5,7
457759,556,79,153,34,3,27,90,4,1,48,107,10,0,8
592592,40,5,11,5,0,2,4,0,0,4,9,1,0,0
474832,542,77,149,41,8,17,82,0,4,104,148,5,0,4
543063,553,67,152,28,11,12,84,7,0,57,115,4,0,9
607043,73,12,20,1,0,1,6,0,0,6,20,1,0,0
621043,577,76,158,36,3,20,96,13,3,75,139,5,0,3
596144,475,49,130,28,1,12,46,2,0,32,96,0,1,2
605137,128,18,35,8,0,3,19,0,1,21,19,0,0,3
446334,633,81,173,41,4,36,98,0,3,42,144,3,0,7
572039,582,86,159,35,3,22,85,7,5,51,133,12,1,2
595879,421,50,115,19,1,14,59,12,3,15,108,11,1,2
608596,44,8,12,2,0,5,13,1,0,4,19,1,0,0
611177,532,65,145,29,0,14,65,3,2,24,93,6,0,0
541650,404,50,110,18,3,13,56,34,7,18,94,1,3,4
630111,530,72,144,30,1,31,83,2,4,31,136,1,0,1
450314,523,94,142,31,3,18,76,6,4,96,82,4,4,4
596115,372,67,101,21,4,27,72,8,5,35,130,5,2,1
596059,605,89,164,33,4,33,88,14,7,19,135,4,0,4
594777,594,91,161,35,5,18,75,2,3,67,118,6,0,5
572761,473,81,128,36,6,21,68,0,4,81,108,5,3,4
452095,281,27,76,18,0,8,41,0,0,29,91,11,0,4
516770,577,63,156,29,1,21,70,4,0,24,118,3,1,5
600303,148,17,40,12,1,2,11,0,1,18,27,2,0,0
545338,174,18,47,10,1,6,26,6,1,12,42,3,2,0
501896,437,63,118,23,0,13,55,0,0,45,142,10,0,0
446481,300,49,81,16,1,18,56,2,1,33,102,5,1,3
543685,567,91,153,38,2,20,85,12,6,65,117,7,0,8
407781,115,11,31,6,0,5,19,0,0,11,38,0,0,3
434567,78,11,21,5,0,4,9,0,0,6,21,0,2,0
429666,405,43,109,29,0,9,48,0,0,26,68,0,1,6
446381,279,35,75,13,2,4,19,2,2,22,48,1,2,2
455976,599,67,161,38,0,13,89,0,2,71,101,5,0,9
592696,335,52,90,17,2,10,32,5,2,12,91,2,2,3
572073,257,32,69,13,0,5,19,4,1,18,54,2,3,2
444379,380,45,102,25,3,8,42,0,4,45,74,5,1,1
572821,615,104,165,35,5,42,99,18,2,61,138,8,2,5
405395,593,71,159,19,0,31,119,4,0,49,75,2,0,6
461314,623,89,167,39,0,35,108,1,0,36,156,1,0,12
543829,325,47,87,7,6,1,14,30,7,18,55,0,1,1
553882,101,13,27,4,0,1,10,0,0,14,14,0,0,2
518700,116,19,31,4,1,0,13,0,3,13,25,0,2,2
527038,307,38,82,14,0,16,49,1,1,23,48,2,0,3
598265,558,94,149,30,7,26,87,9,2,63,143,10,0,5
408314,255,45,68,13,4,8,24,9,2,23,49,0,0,1
570731,615,82,164,38,1,25,82,1,2,21,137,8,0,3
607680,548,59,146,35,2,7,53,14,6,24,90,6,3,3
446386,293,39,78,17,1,9,32,3,2,19,55,31,1,1
543333,605,80,161,24,1,25,104,5,3,57,132,1,0,4
452220,143,24,38,11,1,8,21,0,1,16,31,2,0,4
452655,572,70,152,23,5,11,53,12,7,53,79,4,6,2
542303,557,75,148,23,6,23,76,0,3,43,115,4,0,4
608577,516,59,137,13,3,20,64,0,2,39,112,6,0,7
425766,343,30,91,16,1,9,34,0,0,16,37,5,1,1
592710,49,9,13,6,0,0,3,2,0,6,19,0,1,0
516949,49,3,13,1,0,3,8,0,0,4,10,1,0,0
430945,619,86,164,19,0,29,83,2,0,39,115,5,1,8
594988,257,36,68,12,2,9,40,2,4,19,59,6,0,0
456078,416,41,110,24,0,14,68,2,0,33,121,4,0,4
571506,280,35,74,12,1,15,51,0,0,38,56,0,0,3
523253,511,76,135,24,4,20,52,6,6,46,127,8,0,2
456422,375,48,99,13,6,5,38,15,5,28,92,0,8,2
518614,250,38,66,12,2,8,38,3,0,34,56,1,0,4
465041,326,42,86,14,1,1,33,6,2,56,72,6,0,5
501659,182,24,48,20,1,1,22,8,0,8,42,1,0,3
608324,201,31,53,13,3,8,34,2,0,15,52,0,0,1
434563,201,21,53,8,0,3,15,3,1,27,33,5,0,0
624577,334,45,88,14,2,11,45,5,2,24,74,7,0,3
434778,558,65,147,24,0,30,93,0,0,48,120,7,0,5
476704,338,30,89,12,1,2,27,0,0,26,65,1,0,4
453056,551,71,145,24,5,9,56,20,8,54,84,2,4,3
596451,57,10,15,4,0,0,6,5,1,8,19,2,2,0
543706,19,1,5,1,0,0,1,0,1,1,3,0,1,0
606132,38,4,10,0,0,0,3,3,0,2,11,0,0,1
642162,19,3,5,1,0,1,2,0,0,0,8,0,0,0
571697,498,58,131,30,1,14,56,8,1,38,114,2,1,2
429665,601,99,158,34,0,42,127,2,0,87,138,5,0,8
431094,378,48,99,14,0,10,38,4,2,41,59,3,0,4
543216,191,24,50,8,4,6,25,1,2,12,28,1,0,1
453562,65,7,17,2,1,2,7,0,0,4,28,0,1,0
493329,130,13,34,7,0,3,15,1,1,5,12,1,0,1
458731,547,80,143,22,6,7,41,16,4,70,106,8,4,5
518542,176,16,46,12,1,3,25,0,0,12,38,1,3,0
408045,494,68,129,22,4,11,49,2,0,79,93,1,0,2
408047,203,16,53,14,1,6,25,0,0,12,52,1,0,2
621107,23,2,6,2,0,0,0,0,0,0,8,0,0,0
502205,46,7,12,2,0,1,7,0,0,3,8,0,0,1
543807,644,116,168,29,5,29,82,9,10,88,178,11,0,1
444876,637,57,166,24,6,7,55,17,4,27,96,3,10,5
621563,96,11,25,1,0,1,11,2,0,6,16,0,0,2
571740,411,69,107,19,3,3,17,58,8,36,93,1,11,1
472528,292,38,76,17,1,13,40,1,1,44,81,1,3,2
461858,319,35,83,13,1,12,47,1,0,19,60,2,1,3
543213,346,44,90,20,1,6,31,4,3,13,39,1,4,3
460026,289,30,75,20,1,10,48,0,0,25,65,1,1,1
425509,289,37,75,17,1,8,29,0,0,20,56,1,0,3
519333,185,30,48,9,1,5,24,2,4,13,39,1,1,0
467793,582,89,151,31,3,34,87,5,2,99,99,2,0,5
491676,54,7,14,5,0,2,4,0,1,3,11,0,0,0
571976,599,99,155,29,4,28,94,28,6,68,160,4,0,5
606466,437,55,113,21,2,1,33,11,5,18,84,2,3,6
547172,205,27,53,15,2,3,30,4,1,21,53,0,4,0
607387,240,40,62,8,1,8,22,9,0,21,76,6,0,2
622110,333,41,86,14,2,5,28,8,5,23,53,4,2,4
570256,527,79,136,34,4,22,86,17,6,53,119,0,1,6
596119,62,9,16,0,3,0,5,0,1,11,17,0,0,1
591720,155,20,40,7,4,1,12,2,1,10,20,1,1,1
435559,345,34,89,24,1,8,49,0,0,18,48,5,1,4
571466,377,34,97,23,1,7,51,1,0,36,72,2,2,3
506560,140,9,36,2,0,0,11,9,2,8,26,0,1,1
571830,315,47,81,15,0,21,47,1,1,22,75,4,0,6
543105,253,39,65,16,2,10,37,5,1,26,44,4,0,2
572033,78,11,20,6,0,1,10,0,0,5,13,2,0,1
474568,519,66,133,22,3,11,59,1,1,51,83,5,7,2
444432,613,94,157,27,1,47,108,2,0,51,170,3,0,0
570267,246,34,63,14,0,11,32,2,3,32,91,2,0,1
457705,598,81,153,26,3,24,79,6,7,69,143,5,0,3
570615,94,9,24,4,2,5,11,0,1,5,38,0,0,1
571788,290,45,74,16,0,7,34,4,3,27,58,3,1,3
578428,467,57,119,26,0,4,32,7,4,28,50,8,7,3
596748,581,67,148,23,1,25,88,1,1,40,106,5,0,4
628356,318,45,81,19,0,21,62,3,1,36,79,14,0,2
435062,487,65,124,26,2,8,40,10,2,50,96,3,0,3
607054,350,45,89,16,1,7,29,5,5,52,69,1,2,3
457706,181,24,46,12,2,0,18,2,1,17,39,1,2,2
503556,484,55,123,26,3,13,51,12,6,22,118,5,6,1
425796,307,33,78,15,1,7,34,2,2,20,90,0,1,3
453064,492,54,125,21,0,24,79,1,0,43,101,5,0,4
501303,63,3,16,2,0,2,7,0,1,2,13,2,4,0
444489,71,4,18,4,0,2,12,0,1,10,15,0,0,0
493193,292,33,74,9,0,14,49,0,0,20,74,5,0,0
474443,221,21,56,10,0,1,20,3,1,17,51,2,2,1
475174,482,52,122,34,0,7,56,3,1,45,74,1,0,4
459431,490,70,124,32,3,24,57,1,2,59,157,5,1,3
467827,368,45,93,27,3,7,39,6,4,9,73,1,1,2
452104,467,58,118,18,1,14,51,8,2,51,118,6,0,5
433217,190,26,48,15,1,4,21,2,3,11,41,7,0,1
446359,464,67,117,28,2,16,50,4,1,37,84,2,1,4
400284,512,79,129,26,3,14,52,2,2,40,115,11,1,1
527043,258,38,65,14,0,15,44,2,2,18,59,5,0,3
519237,389,36,98,26,1,16,54,1,0,24,114,5,0,1
444482,171,23,43,9,5,4,15,2,0,8,42,3,0,1
519390,490,54,123,30,2,14,56,0,0,35,83,4,0,3
488721,355,40,89,20,7,5,23,6,4,17,91,4,6,1
594828,447,58,112,19,0,32,72,2,1,43,127,4,0,5
457803,539,74,135,27,6,33,99,4,2,44,126,3,0,3
643230,8,1,2,0,0,0,0,0,0,0,0,0,1,0
628329,8,4,2,1,0,0,0,0,0,0,3,0,0,0
572788,4,1,1,0,0,1,1,0,0,0,1,0,1,0
605228,52,3,13,2,0,0,6,0,0,1,13,0,8,0
608337,4,1,1,0,0,0,0,0,0,0,1,0,2,0
628338,92,12,23,3,0,1,12,1,1,12,15,2,1,0
446372,4,1,1,1,0,0,0,0,0,0,3,0,2,0
543606,4,0,1,0,0,0,1,0,0,0,1,0,0,0
608701,152,25,38,9,0,0,12,2,1,18,30,1,0,3
572128,48,5,12,6,0,1,4,0,1,5,18,0,0,1
622072,16,2,4,0,0,0,2,0,0,1,9,0,2,0
519455,4,0,1,0,0,0,0,0,0,0,2,0,1,0
476883,337,43,84,20,0,22,49,1,0,37,97,0,0,2
571431,297,37,74,18,0,16,54,0,1,25,81,2,0,3
434658,454,74,113,23,2,12,48,43,6,33,106,5,1,2
452234,378,62,94,15,0,16,63,0,0,48,89,8,0,4
571875,523,81,130,31,9,29,91,6,1,64,154,3,0,4
485567,270,47,67,9,1,6,23,7,4,27,70,4,7,2
543434,351,35,87,22,0,12,36,7,3,30,109,2,0,1
553993,565,78,140,25,2,21,70,11,5,51,155,8,0,3
542921,198,25,49,12,5,5,16,2,1,14,67,1,2,0
500743,194,27,48,12,0,1,14,2,1,11,27,1,6,2
547982,518,72,128,17,3,15,47,24,6,44,149,3,4,7
521692,514,57,127,28,2,22,64,0,0,22,119,8,0,2
518595,251,27,62,7,0,4,15,0,0,19,50,3,2,1
501981,555,85,137,24,2,42,102,1,2,42,166,8,0,5
430637,304,25,75,14,0,10,34,4,0,25,65,2,0,2
519306,430,58,106,17,1,17,49,7,6,31,159,5,0,2
592626,406,64,100,26,0,25,68,6,2,63,130,4,1,2
434628,65,6,16,3,0,0,7,0,0,1,24,0,3,0
407812,382,48,94,20,1,20,62,0,0,35,71,8,0,1
429711,248,33,61,9,0,14,39,1,0,29,85,3,0,3
595281,366,55,90,20,2,12,37,21,3,40,74,7,0,1
541608,171,11,42,10,0,3,23,1,1,8,30,1,2,3
457708,570,81,140,28,2,31,87,9,4,50,179,4,0,2
572816,510,57,125,36,3,24,70,0,2,33,134,2,0,2
463610,204,21,50,13,1,2,17,1,1,15,51,1,2,1
608671,335,53,82,13,2,2,12,30,12,42,100,2,3,0
488818,233,24,57,14,2,1,21,9,3,23,50,3,0,3
541645,413,59,101,18,2,12,51,4,4,34,115,4,0,2
596143,180,25,44,6,1,4,18,4,2,12,48,1,4,0
572041,41,9,10,0,0,2,4,4,0,5,8,0,0,0
605452,41,2,10,2,0,0,1,0,0,3,15,0,0,0
150029,525,84,128,28,0,21,69,5,1,71,139,4,0,6
446308,423,48,103,17,1,17,66,1,0,32,85,5,1,3
430947,415,34,101,19,2,3,34,3,5,31,70,6,3,4
622534,37,4,9,4,1,0,3,2,0,0,7,0,0,0
547180,506,84,123,24,2,24,86,21,10,108,117,3,0,10
543543,548,73,133,29,6,30,81,6,4,47,149,3,0,3
576397,400,58,97,9,1,30,59,0,0,37,96,0,0,1
459964,231,45,56,10,1,13,42,1,1,59,67,3,0,0
435263,429,56,104,13,0,20,58,1,0,54,99,7,0,2
519222,165,17,40,11,0,4,26,1,0,7,31,0,1,3
543768,480,63,116,34,2,16,71,5,1,43,133,3,0,4
425783,178,27,43,7,0,7,17,6,3,25,46,7,0,0
542979,207,28,50,10,1,9,19,23,4,36,88,0,1,0
520471,584,61,141,26,3,20,67,17,6,25,136,3,8,4
571841,58,9,14,1,1,1,7,0,0,11,9,0,0,2
592122,83,7,20,3,0,5,12,1,0,7,36,0,0,0
594807,552,85,133,31,6,33,103,6,5,41,164,6,0,8
493351,478,38,115,22,2,6,48,8,9,21,63,4,1,2
519058,104,12,25,6,0,7,13,0,1,9,13,0,0,0
542454,233,29,56,10,2,2,14,12,9,12,55,1,1,1
543329,25,3,6,1,0,1,2,0,1,0,11,0,0,0
545341,446,66,107,29,3,24,68,5,4,28,141,3,0,1
519317,413,56,99,20,1,27,74,0,0,50,140,4,0,2
543939,313,39,75,7,7,5,23,7,0,34,52,9,0,5
501571,142,15,34,7,2,3,9,4,2,11,27,2,4,1
452252,401,48,96,17,0,20,58,0,1,26,89,1,0,2
605412,464,67,111,21,7,10,62,5,0,50,47,4,3,5
474319,46,8,11,5,1,4,9,0,0,1,16,0,0,0
595777,272,35,65,6,3,5,20,2,1,30,61,3,2,0
430001,180,29,43,9,1,9,27,5,0,20,54,4,0,1
408299,134,16,32,9,1,0,11,0,0,9,23,0,2,4
518953,67,6,16,3,1,0,4,1,2,9,8,2,0,1
435063,557,92,133,22,1,34,101,5,1,78,194,5,0,5
425772,126,12,30,4,1,2,15,0,0,4,36,1,1,0
608365,525,67,125,25,3,21,95,5,1,55,135,12,0,6
502582,63,8,15,3,1,0,1,0,0,8,16,2,1,0
605480,189,28,45,7,4,3,22,16,8,20,48,2,3,1
489149,353,45,84,18,1,14,43,4,2,37,89,6,0,2
519295,290,28,69,6,2,7,27,1,2,19,44,7,1,2
624585,227,37,54,9,0,12,31,0,0,31,66,3,0,3
425834,492,64,117,15,3,20,61,27,8,37,155,2,1,6
543760,568,72,135,27,2,27,75,10,2,51,139,0,1,1
492841,101,16,24,4,0,1,4,0,2,4,23,0,1,0
593372,59,5,14,1,0,0,6,0,0,0,13,1,4,1
623143,173,17,41,7,0,5,19,0,1,10,39,1,0,0
435064,228,25,54,6,0,7,33,0,0,11,64,1,7,4
434158,545,88,129,24,5,30,59,4,2,74,130,9,0,5
543742,55,2,13,0,0,1,7,0,0,3,24,0,0,0
588751,508,52,120,17,6,3,38,1,0,33,73,1,2,3
592620,127,22,30,3,1,5,14,0,1,19,44,5,0,0
500871,352,32,83,14,2,6,37,1,3,21,72,1,2,1
593934,437,57,103,22,1,25,66,1,0,54,178,1,0,3
461865,174,21,41,5,2,2,16,8,0,13,38,4,3,0
607385,136,14,32,2,3,4,15,1,1,13,38,1,0,1
572863,68,7,16,6,0,1,6,0,0,6,22,0,0,1
502261,51,7,12,3,2,0,5,0,0,3,14,0,0,1
640461,51,4,12,4,0,1,4,0,0,3,14,0,0,1
552662,17,1,4,1,0,0,3,0,0,1,4,0,0,1
572180,17,3,4,1,0,1,2,0,0,2,5,0,0,0
571757,200,35,47,7,3,12,28,5,2,18,64,0,4,2
596146,396,52,93,20,2,17,63,6,2,42,93,3,1,5
542993,311,39,73,11,4,0,13,17,5,10,37,6,3,2
519208,196,16,46,4,0,5,26,0,0,20,38,2,1,5
534627,179,21,42,5,3,0,13,4,3,23,48,2,3,1
542908,209,23,49,9,0,8,25,1,0,11,38,4,3,4
430832,423,68,99,24,1,22,69,2,2,87,103,3,0,4
574847,73,9,17,2,1,2,12,0,0,6,22,2,0,2
519048,460,49,107,21,0,22,60,1,0,35,118,8,0,0
542364,185,24,43,8,0,1,16,8,3,13,23,0,3,0
446653,99,10,23,3,1,3,8,0,0,12,18,1,1,1
518568,147,13,34,6,0,1,13,0,1,11,31,2,1,0
460576,411,45,95,22,1,13,53,18,5,34,136,5,3,0
424825,446,54,103,27,4,13,55,10,5,46,78,0,4,2
488726,39,5,9,2,0,0,7,1,0,3,6,0,0,1
592407,117,17,27,7,1,2,14,0,1,7,28,2,1,2
431145,455,62,105,16,0,20,74,2,1,64,148,10,1,5
572191,221,28,51,11,0,7,16,14,3,14,77,1,0,1
573627,152,27,35,11,0,10,20,0,0,24,57,0,0,1
518792,530,61,122,27,1,7,49,11,4,54,93,5,1,2
606192,100,15,23,7,0,4,11,0,2,11,28,0,0,1
571745,109,9,25,2,1,5,17,0,0,12,27,1,0,1
544725,48,6,11,1,1,1,5,2,1,1,13,1,0,0
605486,48,6,11,1,1,1,8,1,0,4,13,1,0,0
489267,214,37,49,12,3,13,35,4,0,29,88,1,0,4
424325,166,24,38,6,0,10,32,0,1,30,54,0,4,5
446263,153,20,35,7,0,7,23,0,0,15,36,2,0,2
448855,35,2,8,2,0,0,0,0,0,0,13,0,8,0
502523,210,24,48,9,2,2,17,6,2,18,59,3,1,0
431171,92,4,21,1,0,0,1,0,0,3,14,1,0,0
518735,390,49,89,14,1,27,72,1,3,64,116,2,0,1
542194,193,20,44,9,0,6,25,1,2,10,56,0,0,1
503437,22,0,5,1,0,0,0,0,0,1,6,0,1,0
502273,22,1,5,1,0,0,1,0,0,2,7,0,0,0
456781,22,5,5,2,0,1,2,0,0,1,3,0,0,0
592835,22,1,5,1,0,0,1,0,1,1,5,0,0,0
571912,119,10,27,7,0,3,15,0,0,4,36,0,3,0
543877,172,21,39,9,1,1,12,0,0,10,39,2,0,0
502054,159,26,36,7,0,9,17,2,2,20,71,3,1,0
431151,137,18,31,8,0,7,14,3,2,26,55,0,0,0
593700,31,5,7,1,0,0,1,2,1,2,5,0,0,0
475100,102,10,23,6,0,1,7,1,2,5,24,5,0,1
453943,590,89,133,21,0,40,98,15,5,64,163,4,1,7
461235,413,66,93,19,2,28,67,1,0,39,141,7,0,5
453211,80,13,18,0,0,3,7,9,1,12,38,1,0,1
621439,298,44,67,19,6,10,38,10,2,23,118,3,4,3
608703,89,11,20,8,0,3,13,0,1,4,34,1,2,0
572204,236,31,53,11,0,13,32,5,1,26,66,0,0,0
455139,147,21,33,11,0,9,20,0,1,15,44,5,1,2
453923,241,28,54,10,4,1,18,6,3,29,51,1,1,1
607776,112,14,25,3,0,6,15,0,1,13,35,2,0,0
537953,130,11,29,6,0,1,13,0,0,10,30,5,0,3
474892,549,84,122,27,1,41,94,3,1,76,206,9,0,10
453400,243,20,54,11,0,5,24,0,0,19,78,1,1,0
502032,27,2,6,0,1,0,1,0,0,3,7,1,7,0
460099,203,25,45,9,1,6,15,1,2,22,62,1,0,1
425784,185,12,41,4,0,6,26,0,0,16,54,3,1,2
517370,158,15,35,8,0,5,19,0,1,7,48,0,1,1
276519,149,25,33,8,1,2,8,5,2,16,33,0,0,1
543510,344,31,76,9,1,12,48,0,1,23,109,2,1,3
448801,566,99,125,21,0,38,84,1,0,88,219,8,0,3
502182,68,7,15,3,0,1,7,0,0,8,14,0,0,0
624424,304,38,67,21,1,12,42,2,1,36,89,5,0,3
460086,445,62,98,16,2,17,40,8,1,52,148,8,0,1
488681,100,10,22,6,2,0,8,1,2,3,30,1,5,0
430605,223,30,49,10,2,9,30,0,0,28,80,2,0,3
606115,201,21,44,10,3,4,17,8,0,15,47,0,0,0
150229,247,15,54,15,0,2,23,1,0,6,29,3,0,3
605113,284,26,62,9,1,4,20,5,2,15,58,4,2,3
518653,78,7,17,2,0,0,4,2,3,17,17,2,2,0
475582,427,60,93,18,1,15,46,4,1,29,104,5,0,6
542436,225,25,49,7,3,2,17,2,3,24,47,4,3,0
592419,46,8,10,2,0,0,5,1,0,3,8,0,0,0
429719,23,2,5,1,0,0,2,1,0,3,11,0,1,0
572019,92,8,20,5,0,1,11,0,0,5,27,0,0,0
572114,276,48,60,17,5,20,51,1,1,42,105,9,0,3
475253,299,33,65,10,0,14,34,1,0,40,112,2,0,0
519184,350,44,76,9,7,2,24,14,5,18,34,3,2,2
543305,327,32,71,13,1,8,31,3,4,30,68,0,1,3
643603,249,24,54,16,0,8,28,1,0,23,65,2,0,2
643393,120,15,26,4,3,1,7,2,1,14,27,0,1,1
475247,157,16,34,7,0,3,15,2,0,17,48,0,1,1
454560,171,11,37,8,0,2,22,2,1,19,31,2,3,1
460269,139,17,30,4,0,4,11,0,0,10,41,1,4,1
502317,139,18,30,3,1,9,17,0,1,13,44,2,0,1
471083,241,33,52,8,1,8,33,1,0,38,58,3,0,2
506924,56,5,12,3,1,2,6,0,0,3,12,0,0,0
477195,14,2,3,0,0,0,1,0,0,1,5,0,0,0
592444,28,3,6,3,0,0,2,0,0,0,12,0,0,0
455755,98,10,21,4,0,1,7,0,0,12,15,3,0,0
605125,197,22,42,15,0,4,18,3,1,18,54,2,0,1
621035,61,8,13,2,2,1,7,0,0,4,15,0,0,0
488671,169,19,36,6,0,7,11,0,0,38,78,1,0,1
493596,245,25,52,16,1,5,31,1,0,26,52,4,0,4
592680,66,12,14,4,0,0,3,0,0,2,20,0,3,0
425902,326,29,69,16,0,8,44,0,0,32,63,7,0,5
425844,52,4,11,1,0,0,3,1,0,3,9,0,3,2
570489,19,2,4,1,0,0,2,3,3,0,8,0,0,0
466988,38,6,8,0,0,0,3,1,0,3,12,0,2,0
641531,19,4,4,1,0,0,1,0,0,2,8,0,0,0
660162,19,3,4,1,0,0,1,0,0,1,12,0,0,0
493343,19,2,4,1,0,0,2,0,0,1,5,0,0,1
455104,295,23,62,14,0,7,24,0,0,38,83,2,1,2
488771,329,41,69,16,3,11,32,2,1,45,123,1,1,0
489305,62,1,13,3,0,1,5,0,0,5,20,2,0,0
425794,62,6,13,7,1,2,18,0,0,2,17,0,5,0
449107,167,17,35,5,1,1,6,2,2,9,27,2,3,0
457787,516,66,108,15,0,24,72,9,2,54,174,20,7,4
473724,43,4,9,3,0,0,2,0,0,1,10,0,0,0
460060,172,18,36,4,2,3,10,1,0,13,55,0,3,0
545350,287,40,60,18,1,5,21,10,5,16,83,3,4,1
543590,335,38,70,18,1,13,44,8,9,56,133,1,0,0
542208,268,25,56,16,0,5,31,1,0,12,49,1,8,2
592261,182,36,38,7,0,4,13,8,3,15,54,2,3,1
543238,91,11,19,2,2,2,7,0,1,9,38,1,0,0
641319,24,2,5,2,0,0,2,0,0,1,4,0,0,0
444843,24,2,5,1,0,1,2,0,0,2,6,0,0,0
465753,24,4,5,1,1,0,4,0,1,1,12,0,0,0
544931,48,3,10,1,0,0,2,0,0,2,11,0,7,0
570560,154,15,32,9,1,4,21,0,1,5,42,1,2,1
572287,164,16,34,7,0,12,31,0,0,21,65,6,0,1
425900,304,26,63,13,2,6,35,1,2,23,71,2,2,3
458582,29,3,6,2,0,0,1,0,0,0,8,0,0,0
458675,369,38,76,10,0,15,54,4,1,43,121,0,1,4
346874,238,19,49,9,0,7,25,0,0,15,49,3,0,3
543776,224,27,46,5,2,4,14,3,3,12,21,1,3,1
457477,234,31,48,9,0,6,25,4,3,26,67,5,1,1
570717,249,18,51,8,0,2,19,3,0,31,58,2,3,4
573131,83,8,17,2,0,3,9,0,1,4,25,0,0,2
407893,387,43,79,16,0,15,44,2,0,47,105,2,0,2
527054,49,1,10,1,0,0,2,0,0,1,16,0,11,0
542455,202,17,41,7,1,8,23,1,1,18,80,1,0,1
455117,208,21,42,7,0,8,21,1,0,35,56,6,3,1
593495,130,8,26,1,0,0,7,1,1,7,24,0,2,0
605183,50,8,10,4,0,1,4,1,0,5,12,2,1,0
543037,40,3,8,1,0,1,3,0,0,0,19,1,2,0
518633,5,1,1,0,0,0,1,0,0,0,1,0,1,0
605222,5,1,1,0,0,0,0,0,0,0,2,0,0,0
450729,5,0,1,0,0,0,2,0,0,0,1,0,2,0
457775,200,22,40,7,1,7,20,2,0,21,58,2,1,1
516809,35,5,7,3,0,1,2,1,0,4,11,0,0,0
502009,5,1,1,0,0,1,1,0,0,0,3,0,0,0
547179,5,1,1,0,0,1,3,0,0,0,2,0,0,0
506747,40,5,8,0,0,1,3,0,0,2,14,0,1,0
519144,5,0,1,0,0,0,0,0,0,0,1,0,0,0
121347,225,19,45,7,0,9,31,3,0,14,67,1,0,3
592826,40,4,8,1,0,0,0,0,0,1,16,0,3,0
434378,5,1,1,0,0,0,0,0,0,0,2,0,0,0
547007,10,0,2,0,0,0,0,0,0,0,3,0,1,0
502100,121,12,24,2,0,3,11,0,2,11,25,1,0,1
502544,81,7,16,7,1,1,8,2,1,6,24,0,1,2
571437,198,23,39,6,0,4,22,7,2,23,69,6,0,0
608700,132,6,26,6,0,1,11,0,0,17,33,2,0,0
429667,331,35,65,10,0,25,59,0,1,27,114,1,0,3
543484,185,16,36,9,0,3,11,0,1,7,68,2,1,1
474233,124,6,24,5,0,3,10,0,0,12,40,0,1,0
543148,31,3,6,2,0,0,3,0,0,1,12,0,0,1
457926,31,3,6,1,0,0,0,0,0,3,3,1,0,0
571812,31,5,6,0,1,2,7,0,0,2,13,1,0,0
518649,187,21,36,10,1,6,22,0,2,19,50,0,1,1
595963,213,17,41,3,3,4,16,3,0,17,52,2,1,1
666560,215,28,41,9,1,12,24,1,0,21,80,5,0,3
534947,21,2,4,2,0,0,3,0,0,0,11,0,2,0
623182,21,5,4,0,0,1,2,0,0,2,11,1,0,0
448306,21,1,4,0,0,0,0,0,0,0,12,0,2,0
544150,21,1,4,2,0,0,2,0,0,0,11,0,3,0
571771,216,25,41,8,0,7,18,2,0,28,64,0,0,0
592789,58,6,11,3,0,3,6,0,0,7,34,0,2,0
477165,217,19,41,10,0,6,20,0,0,29,83,9,0,1
543022,53,3,10,0,1,0,4,0,0,2,14,0,3,0
592662,53,3,10,2,0,1,2,0,0,1,26,0,6,0
458085,261,35,49,12,2,6,30,2,1,35,73,3,0,1
503444,16,0,3,0,0,0,1,0,0,0,8,0,2,0
592325,48,9,9,2,0,1,5,0,0,6,16,0,3,0
607625,16,2,3,1,0,0,1,0,0,1,2,0,0,1
600301,80,11,15,3,0,2,9,0,1,11,19,1,0,1
518516,86,8,16,6,0,3,9,0,0,10,43,0,0,1
592200,226,23,42,10,0,8,25,0,0,25,82,2,3,0
571970,113,13,21,2,0,2,8,0,0,20,24,0,0,0
572365,183,13,34,9,2,3,12,1,1,9,48,1,3,0
453286,70,4,13,1,0,0,12,0,0,2,30,0,13,0
519083,415,50,77,17,0,14,42,9,2,36,139,4,0,3
408307,81,8,15,2,1,0,6,0,1,4,11,1,0,1
609275,135,16,25,1,3,2,13,9,1,6,48,2,6,0
408241,27,2,5,0,0,0,3,0,0,2,12,0,2,0
407822,38,4,7,0,0,0,6,0,0,2,14,1,1,0
451705,38,3,7,2,0,0,2,0,0,2,5,0,1,0
573113,60,4,11,2,0,0,3,0,0,5,11,0,2,0
547379,153,14,28,6,1,3,17,0,0,23,44,0,5,3
591712,11,1,2,0,0,1,1,0,0,0,0,0,0,0
489119,11,1,2,0,0,0,0,0,0,0,2,0,1,0
475479,11,0,2,0,0,0,1,0,0,0,3,0,2,0
605439,22,3,4,0,0,0,0,1,0,2,7,0,0,0
595001,11,0,2,1,0,0,0,0,0,0,4,0,0,0
475243,11,0,2,0,0,0,1,0,0,1,5,0,0,0
519445,39,4,7,2,0,0,1,0,0,1,6,0,0,0
593647,95,10,17,3,1,4,12,2,0,2,23,0,0,0
592450,84,10,15,2,0,4,10,0,1,9,42,1,0,1
488768,34,3,6,0,0,0,1,0,0,3,13,0,3,0
592230,85,8,15,4,0,1,8,0,0,0,23,1,0,1
570632,17,1,3,0,0,0,0,0,0,1,11,0,4,0
544925,34,3,6,1,0,1,4,1,0,4,10,1,0,0
543376,132,7,23,3,0,0,0,0,0,7,28,0,2,0
477132,46,2,8,1,0,0,3,0,0,1,12,0,3,0
453203,98,16,17,3,0,1,10,3,2,10,17,1,2,0
493472,75,9,13,1,0,1,9,1,0,10,24,2,0,1
543734,29,2,5,0,1,0,3,0,0,0,6,0,1,0
452672,105,9,18,4,0,1,14,0,0,7,27,1,0,0
448802,41,3,7,0,0,0,4,0,0,2,17,0,7,1
457454,246,30,42,5,1,12,38,0,0,41,104,0,0,5
596847,112,9,19,4,0,5,12,2,4,16,27,0,0,1
489365,118,7,20,3,0,1,7,0,0,13,28,1,2,2
518466,71,7,12,2,0,3,5,1,0,11,34,2,0,0
543228,251,22,42,11,1,9,34,0,0,9,69,2,0,2
476451,54,3,9,1,0,0,4,0,0,4,24,0,8,0
608672,6,1,1,0,0,0,0,0,0,0,1,0,0,0
450203,6,1,1,0,0,0,0,0,0,0,3,0,1,0
519082,18,0,3,0,0,0,1,0,1,1,5,0,0,1
433589,6,0,1,0,0,0,0,0,0,0,2,0,1,0
519242,6,0,1,0,0,0,0,0,0,0,2,0,0,0
514913,66,9,11,5,0,0,5,0,0,7,13,1,1,3
605512,134,11,22,8,1,4,8,0,0,8,40,2,0,0
607223,122,11,20,3,0,3,8,0,0,18,48,0,0,1
504379,19,1,3,0,0,0,1,0,0,0,7,0,1,0
457574,51,1,8,4,0,0,0,0,0,0,14,0,0,0
605131,32,3,5,1,0,0,2,0,0,5,9,0,0,0
502188,64,4,10,5,0,0,9,0,0,1,28,0,2,2
488912,90,8,14,1,1,3,7,0,0,7,22,1,1,0
543094,52,1,8,1,0,0,1,1,0,4,14,0,0,1
502676,26,0,4,0,0,0,3,1,0,1,2,0,0,0
608348,13,1,2,1,0,0,1,0,0,0,2,1,0,0
503351,13,0,2,1,0,0,1,0,0,0,3,0,0,0
430910,13,0,2,1,0,0,0,0,0,1,2,0,0,0
517369,39,2,6,2,0,0,0,0,1,1,9,0,1,0
605538,46,2,7,0,0,0,2,0,0,1,21,0,5,1
592351,47,2,7,2,0,0,4,0,0,2,30,0,6,0
592239,27,5,4,3,0,0,1,0,1,1,6,0,1,0
430603,27,2,4,0,2,0,3,0,0,2,5,0,0,1
554429,61,6,9,0,0,0,4,0,0,8,9,0,0,1
502226,34,2,5,1,0,0,2,0,0,3,6,1,1,0
571974,82,4,12,3,0,1,3,0,0,5,19,0,2,1
593643,56,2,8,1,0,0,5,1,0,0,17,0,2,0
607192,7,0,1,0,0,0,0,0,0,0,4,0,0,0
502190,49,3,7,1,0,0,4,0,0,3,19,0,3,0
519085,7,0,1,0,0,0,0,0,0,0,2,0,0,0
519141,35,2,5,0,0,1,4,0,0,0,21,0,2,0
622097,14,0,2,1,0,0,0,0,0,0,5,0,3,0
594798,42,6,6,1,0,0,2,0,0,3,12,0,5,0
598284,64,6,9,1,0,5,9,0,0,3,27,0,0,0
519023,50,2,7,1,0,0,1,0,1,5,10,0,0,0
457789,50,5,7,1,1,0,2,1,0,3,14,1,3,0
592314,36,3,5,1,0,0,1,0,0,1,19,0,5,0
571927,36,0,5,1,1,0,2,0,0,4,11,0,4,1
543294,58,1,8,0,0,0,2,0,0,1,29,1,8,0
518774,22,2,3,1,0,0,0,0,0,0,8,0,3,0
628711,22,0,3,0,0,0,2,0,0,0,9,0,4,0
461829,52,1,7,2,0,0,2,0,0,0,24,1,5,1
600524,15,0,2,0,0,0,1,0,0,0,3,0,0,0
606131,38,1,5,1,0,0,1,0,0,1,15,1,3,0
595191,61,4,8,3,0,0,5,0,0,1,12,0,0,0
592567,23,1,3,1,0,0,2,0,0,1,8,1,0,0
503449,39,2,5,1,0,1,6,0,0,0,15,0,1,1
595751,16,0,2,0,0,0,0,0,0,1,8,0,0,0
502239,8,1,1,0,0,0,1,0,0,1,4,0,2,0
543054,16,1,2,0,0,0,0,0,0,0,5,0,2,0
430935,8,0,1,0,0,0,0,0,0,0,1,0,0,0
595978,24,2,3,1,0,0,1,0,1,0,7,1,0,1
543380,8,1,1,0,0,0,0,0,0,0,4,0,0,0
502046,32,0,4,0,0,0,0,0,0,1,17,0,6,0
571946,32,4,4,1,1,0,0,0,0,0,21,0,2,0
543699,64,1,8,1,0,0,3,0,0,5,25,0,6,0
607345,16,2,2,0,0,0,0,0,0,0,6,0,0,0
519421,24,3,3,1,0,1,3,1,0,3,10,0,0,0
628317,57,5,7,1,0,1,4,0,0,1,16,0,8,0
592192,41,4,5,0,0,3,6,0,1,0,20,1,1,1
543045,41,4,5,0,0,0,3,0,0,1,22,0,4,1
543101,41,0,5,1,0,0,1,0,0,1,22,0,1,0
607067,33,3,4,0,0,0,1,0,0,2,16,0,4,0
602922,25,1,3,0,0,0,1,0,0,1,4,0,0,0
431148,43,3,5,0,0,0,2,0,0,1,24,0,6,0
605227,26,2,3,1,0,0,1,2,0,2,11,0,0,0
467100,26,1,3,0,0,0,0,0,0,0,18,0,2,0
640463,26,2,3,1,0,0,2,1,0,0,10,0,1,0
542881,35,1,4,0,0,1,3,0,0,4,11,0,3,0
456501,70,1,8,0,0,0,5,0,0,2,24,0,11,1
605232,53,4,6,2,0,0,2,0,0,3,18,0,5,0
502034,45,3,5,1,1,0,0,1,0,2,10,2,1,0
571553,27,2,3,2,0,0,1,0,0,1,14,1,0,0
643327,18,1,2,0,0,0,0,0,0,0,9,0,1,0
519025,27,2,3,0,0,0,1,0,0,4,13,0,0,0
452657,59,3,6,3,0,0,6,0,0,6,18,0,10,0
456701,10,0,1,0,0,0,0,0,0,1,1,0,0,0
553988,10,1,1,0,0,0,0,0,0,3,4,0,0,0
477003,30,1,3,1,0,0,1,0,0,2,14,0,2,0
592779,10,0,1,0,0,0,0,0,0,0,7,0,0,0
543408,51,1,5,0,0,0,4,0,0,1,28,0,4,0
519043,31,2,3,0,0,0,0,0,0,0,13,0,4,0
407793,63,1,6,2,0,0,2,0,0,2,31,0,4,0
621566,21,3,2,1,0,0,0,0,0,7,4,0,0,0
605200,53,2,5,0,0,0,1,0,0,1,22,0,7,0
456124,85,3,8,2,0,1,4,0,0,1,32,0,1,0
605388,32,1,3,1,0,0,1,0,0,1,11,0,3,0
592791,32,0,3,0,0,0,2,0,0,0,17,0,4,0
594742,11,0,1,0,0,0,2,0,0,0,6,0,0,0
600869,11,0,1,0,0,0,0,0,0,2,5,1,0,0
628452,11,0,1,0,0,0,0,0,0,0,2,0,0,0
543557,11,2,1,0,0,0,1,0,0,0,5,0,0,0
592593,22,0,2,0,0,0,0,0,0,1,11,0,1,0
578570,11,1,1,0,1,0,2,0,0,0,6,0,0,0
502624,45,3,4,0,0,0,1,0,0,1,27,1,5,0
501986,34,3,3,0,0,1,1,0,0,2,6,0,0,0
641771,23,0,2,0,0,0,0,0,0,1,9,0,2,0
595023,47,4,4,1,0,0,2,0,0,15,22,1,0,0
112526,60,4,5,2,0,1,2,0,0,1,40,0,4,0
518577,12,0,1,0,0,0,0,0,0,2,7,0,0,0
502285,48,6,4,0,0,0,1,2,0,1,13,0,1,0
625643,12,0,1,0,0,0,0,0,0,0,7,0,2,0
571918,12,0,1,0,0,0,0,0,0,2,5,0,0,0
548389,24,2,2,0,0,0,1,0,0,2,12,0,1,0
596129,12,0,1,0,0,0,0,0,0,1,6,0,0,0
519076,50,1,4,0,0,0,3,0,0,2,32,0,7,0
595386,25,2,2,0,1,0,2,0,0,7,9,1,0,0
453895,13,1,1,0,0,0,0,0,0,0,7,0,1,0
545358,13,1,1,0,0,0,0,0,0,0,5,0,0,0
430912,27,1,2,1,0,1,5,0,0,0,17,0,1,0
523989,14,0,1,0,0,0,1,0,0,0,3,0,3,0
621052,14,0,1,0,0,0,1,0,0,0,5,0,1,0
430580,14,0,1,0,0,0,1,0,0,1,7,1,3,0
605151,43,2,3,0,0,0,4,0,0,0,28,0,4,1
499624,29,0,2,0,0,0,1,0,0,2,9,1,0,0
572750,15,0,1,0,0,0,0,0,0,0,2,0,4,0
607229,15,0,1,0,0,0,0,0,0,0,9,0,2,0
453385,17,0,1,0,0,0,1,0,0,1,9,0,3,0
461416,18,2,1,1,0,0,0,0,0,0,5,1,0,0
543184,37,2,2,0,0,0,2,0,0,3,23,0,3,0
548337,19,1,1,1,0,0,0,0,0,0,12,0,3,0
285064,19,1,1,0,0,0,1,0,0,1,13,1,2,0
543424,20,0,1,0,0,0,0,0,0,1,12,0,1,0
594760,21,0,1,0,0,0,0,0,0,0,9,0,2,0
518452,49,2,2,0,0,0,2,0,0,4,21,0,5,0
608336,25,2,1,0,0,1,1,1,0,5,19,0,0,0
490063,28,1,1,0,0,0,0,0,0,2,17,0,3,0
605400,30,1,1,1,0,0,0,0,0,3,17,1,1,0
608379,39,1,1,0,0,0,0,0,0,3,22,0,3,0
573185,52,2,1,0,0,0,1,0,0,2,40,0,11,0
472551,1,0,0,0,0,0,0,0,0,0,1,0,0,0
592091,0,0,0,0,0,0,0,0,0,0,0,0,0,0
542583,6,0,0,0,0,0,0,0,0,0,1,0,0,0
592102,0,0,0,0,0,0,0,0,0,0,0,0,0,0
516714,0,0,0,0,0,0,0,0,0,0,0,0,0,0
501625,1,0,0,0,0,0,0,0,0,0,0,0,0,0
474463,3,0,0,0,0,0,0,0,0,0,2,0,0,0
542882,1,0,0,0,0,0,0,0,0,0,0,0,0,0
593969,0,0,0,0,0,0,0,0,0,0,0,0,0,0
542587,0,0,0,0,0,0,0,0,0,0,0,0,0,0
502042,7,1,0,0,0,0,0,0,0,1,3,0,0,0
501593,0,0,0,0,0,0,0,0,0,0,0,0,0,0
446099,0,0,0,0,0,0,0,0,0,0,0,0,0,0
520980,1,0,0,0,0,0,0,0,0,0,0,0,0,0
457732,0,0,0,0,0,0,0,0,0,0,0,0,0,0
606930,0,0,0,0,0,0,0,0,0,0,0,0,0,0
598264,0,0,0,0,0,0,0,0,0,0,0,0,0,0
501817,0,0,0,0,0,0,0,0,0,0,0,0,0,0
607457,1,0,0,0,0,0,0,0,0,0,1,0,0,0
545332,0,0,0,0,0,0,0,0,0,0,0,0,0,0
455374,0,0,0,0,0,0,0,0,0,0,0,0,0,0
545333,5,0,0,0,0,0,0,0,0,0,5,0,1,0
571473,0,0,0,0,0,0,0,0,0,0,0,0,0,0
571476,0,0,0,0,0,0,0,0,0,0,0,0,0,0
592135,0,0,0,0,0,0,0,0,0,0,0,0,0,0
279571,4,0,0,0,0,0,0,0,0,0,2,0,0,0
276542,0,0,0,0,0,0,0,0,0,0,0,0,0,0
476454,0,0,0,0,0,0,0,0,0,0,0,0,0,0
607352,0,0,0,0,0,0,0,0,0,0,0,0,0,0
430599,0,0,0,0,0,0,0,0,0,0,0,0,0,0
518468,0,1,0,0,0,0,0,0,0,0,0,0,0,0
542947,0,0,0,0,0,0,0,0,0,0,0,0,0,0
460283,1,0,0,0,0,0,0,0,0,0,0,0,0,0
502211,9,0,0,0,0,0,0,0,0,0,7,0,0,0
542953,0,0,0,0,0,0,0,0,0,0,0,0,0,0
621199,1,0,0,0,0,0,0,0,0,0,1,0,1,0
430641,1,0,0,0,0,0,0,0,0,0,0,0,0,0
542960,0,0,0,0,0,0,0,0,0,0,0,0,0,0
611093,1,0,0,0,0,0,0,0,0,0,1,0,0,0
605152,0,0,0,0,0,0,0,0,0,0,0,0,0,0
444520,0,0,0,0,0,0,0,0,0,0,0,0,0,0
592169,0,0,0,0,0,0,0,0,0,0,0,0,0,0
592170,0,0,0,0,0,0,0,0,0,0,0,0,0,0
502154,0,0,0,0,0,0,0,0,0,0,0,0,0,0
458678,0,0,0,0,0,0,0,0,0,0,0,0,1,0
455009,0,0,0,0,0,0,0,0,0,0,0,0,0,0
594772,1,0,0,0,0,0,0,0,0,0,1,0,0,0
453329,2,0,0,0,0,0,0,0,0,1,2,0,0,0
488748,0,0,0,0,0,0,0,0,0,0,0,0,0,0
605164,3,0,0,0,0,0,0,0,0,0,2,0,0,0
542609,0,0,0,0,0,0,0,0,0,0,0,0,0,0
430634,0,0,0,0,0,0,0,0,0,0,0,0,0,0
542992,6,2,0,0,0,0,0,0,0,0,2,1,0,0
501936,1,0,0,0,0,0,0,0,0,0,0,0,0,0
456713,0,0,0,0,0,0,0,0,0,0,0,0,0,0
606291,0,0,0,0,0,0,0,0,0,0,0,0,0,0
491708,2,0,0,0,0,0,0,0,0,0,1,0,0,0
599998,0,0,0,0,0,0,0,0,0,0,0,0,0,0
553883,2,0,0,0,0,0,0,0,0,0,0,0,0,0
425626,0,0,0,0,0,0,0,0,0,1,0,0,0,0
571539,0,0,0,0,0,0,0,0,0,0,0,0,0,0
433586,0,0,0,0,0,0,0,0,0,0,0,0,0,0
612434,0,0,0,0,0,0,0,0,0,0,0,0,0,0
446399,0,0,0,0,0,0,0,0,0,0,0,0,0,0
458584,0,0,0,0,0,0,0,0,0,0,0,0,0,0
543017,0,0,0,0,0,0,0,0,0,0,0,0,0,0
605177,0,0,0,0,0,0,0,0,0,0,0,0,0,0
501955,0,0,0,0,0,0,0,0,0,0,0,0,0,0
547973,0,0,0,0,0,0,0,0,0,0,0,0,0,0
608638,0,0,0,0,0,0,0,0,0,0,0,0,0,0
445926,0,0,0,0,0,0,0,0,0,0,0,0,0,0
612672,44,0,0,0,0,0,0,0,0,0,18,0,5,0
571561,0,1,0,0,0,0,0,0,0,1,0,0,0,0
518553,0,0,0,0,0,0,0,0,0,0,0,0,0,0
592222,0,0,0,0,0,0,0,0,0,0,0,0,0,0
518560,21,1,0,0,0,0,0,0,0,1,11,0,1,0
605182,2,0,0,0,0,0,0,0,0,0,0,0,0,0
461325,0,0,0,0,0,0,0,0,0,0,0,0,0,0
457435,0,0,0,0,0,0,0,0,0,0,0,0,0,0
595918,7,0,0,0,0,0,0,0,0,0,4,0,1,0
488786,0,0,0,0,0,0,0,0,0,0,0,0,0,0
518567,6,0,0,0,0,0,0,0,0,0,6,0,1,0
517008,0,0,0,0,0,0,0,0,0,0,0,0,0,0
571572,0,0,0,0,0,0,0,0,0,0,0,0,0,0
615868,0,0,0,0,0,0,0,0,0,0,0,0,0,0
571584,0,0,0,0,0,0,0,0,0,0,0,0,0,0
543056,0,0,0,0,0,0,0,0,0,0,0,0,0,0
641490,0,0,0,0,0,0,0,0,0,0,0,0,0,0
488810,4,0,0,0,0,0,1,0,0,0,3,0,0,1
594792,0,0,0,0,0,0,0,0,0,0,0,0,0,0
657205,0,0,0,0,0,0,0,0,0,0,0,0,0,0
451584,0,0,0,0,0,0,0,0,0,0,0,0,0,0
594795,1,0,0,0,0,0,0,0,0,0,1,0,0,0
592254,4,0,0,0,0,0,0,0,0,0,1,0,0,0
593582,0,0,0,0,0,0,0,0,0,0,0,0,0,0
534737,0,0,0,0,0,0,0,0,0,0,0,0,0,0
447755,0,0,0,0,0,0,0,0,0,0,0,0,0,0
517414,2,0,0,0,0,0,0,0,0,0,0,0,0,0
628333,0,0,0,0,0,0,0,0,0,0,0,0,0,0
446321,1,0,0,0,0,0,0,0,0,0,1,0,1,0
606965,0,0,0,0,0,0,0,0,0,0,0,0,0,0
500765,0,0,0,0,0,0,0,0,0,0,0,0,0,0
621242,1,0,0,0,0,0,0,0,0,0,0,0,0,0
553869,4,0,0,0,0,0,1,0,0,0,1,0,0,0
471822,1,0,0,0,0,0,0,0,0,0,0,0,0,0
285079,1,0,0,0,0,0,0,0,0,0,1,0,0,0
518617,0,0,0,0,0,0,0,0,0,0,0,0,0,0
523848,0,0,0,0,0,0,0,0,0,0,0,0,0,0
518625,11,0,0,0,0,0,0,0,0,1,3,0,0,0
448281,0,0,0,0,0,0,0,0,0,0,0,0,0,0
475138,0,0,0,0,0,0,0,0,0,0,0,0,0,0
543118,1,0,0,0,0,0,0,0,0,0,1,0,0,0
608648,1,0,0,0,0,0,0,0,0,0,1,0,1,0
592274,3,0,0,0,0,0,0,0,0,0,2,0,0,0
435043,0,0,0,0,0,0,0,0,0,0,0,0,0,0
623430,0,0,0,0,0,0,0,0,0,0,0,0,0,0
445197,0,0,0,0,0,0,0,0,0,0,0,0,0,0
473879,0,0,0,0,0,0,0,0,0,0,0,0,0,0
572831,0,0,0,0,0,0,0,0,0,0,0,0,0,0
605218,1,0,0,0,0,0,0,0,0,0,1,0,0,0
606273,0,0,0,0,0,0,0,0,0,0,0,0,0,0
623395,1,0,0,0,0,0,0,0,0,0,1,0,0,0
543135,5,0,0,0,0,0,0,0,0,1,4,0,1,0
572362,6,0,0,0,0,0,0,0,0,0,3,0,0,0
546276,2,0,0,0,0,0,0,0,0,0,1,0,0,0
608032,0,0,0,0,0,0,0,0,0,0,0,0,0,0
462136,5,0,0,0,0,0,0,0,0,0,3,0,0,0
445968,0,0,0,0,0,0,0,0,0,0,0,0,0,0
544727,0,0,0,0,0,0,0,0,0,0,0,0,0,0
444857,2,0,0,0,0,0,0,0,0,0,2,0,0,0
593140,0,0,0,0,0,0,0,0,0,0,0,0,0,0
491703,0,0,0,0,0,0,0,0,0,0,0,0,0,0
451661,1,0,0,0,0,0,0,0,0,0,1,0,0,0
502272,0,0,0,0,0,0,0,0,0,0,0,0,0,0
456071,0,0,0,0,0,0,0,0,0,0,0,0,1,0
572309,1,0,0,0,0,0,0,0,0,0,1,0,0,0
571670,0,0,0,0,0,0,0,0,0,0,0,0,0,0
425856,1,0,0,0,0,0,0,0,0,0,0,0,0,0
543169,0,0,0,0,0,0,0,0,0,0,0,0,0,0
518693,0,0,0,0,0,0,0,0,0,0,0,0,0,0
516910,1,0,0,0,0,0,0,0,0,0,1,0,0,0
608334,0,0,0,0,0,0,0,0,0,0,0,0,0,0
605242,2,0,0,0,0,0,0,0,0,0,2,0,0,0
607231,7,0,0,0,0,0,0,0,0,0,1,0,3,0
472610,0,0,0,0,0,0,0,0,0,0,0,0,1,0
554340,0,0,0,0,0,0,0,0,0,0,0,0,0,0
623439,0,0,0,0,0,0,0,0,0,0,0,0,0,0
592332,2,0,0,0,0,0,0,0,0,1,2,0,0,0
518716,1,0,0,0,0,0,0,0,0,0,0,0,2,0
542674,3,0,0,0,0,0,0,0,0,0,1,0,0,0
502043,7,1,0,0,0,0,0,0,0,1,5,0,0,0
571704,0,0,0,0,0,0,0,0,0,0,0,0,0,0
543219,0,0,0,0,0,0,0,0,0,0,0,0,0,0
643325,0,0,0,0,0,0,0,0,0,0,0,0,0,0
571710,2,0,0,0,0,0,0,0,0,0,1,0,0,0
606983,0,0,0,0,0,0,0,0,0,0,0,0,0,0
592340,0,0,0,0,0,0,0,0,0,0,0,0,0,0
592341,0,0,0,0,0,0,0,0,0,0,0,0,0,0
491646,0,0,0,0,0,0,0,0,0,0,0,0,0,0
456068,1,0,0,0,0,0,0,0,0,0,1,0,0,0
605894,1,0,0,0,0,0,0,0,0,0,0,0,0,0
580792,0,0,0,0,0,0,0,0,0,0,0,0,0,0
605253,3,6,0,0,0,0,0,11,2,0,1,0,0,0
452733,0,0,0,0,0,0,0,0,0,0,0,0,0,0
641627,0,0,0,0,0,0,0,0,0,0,0,0,0,0
594840,0,0,0,0,0,0,0,0,0,0,0,0,0,0
608665,4,0,0,0,0,0,0,0,0,0,3,0,1,0
543243,2,0,0,0,0,0,0,0,0,0,1,0,1,0
643338,4,0,0,0,0,0,0,0,0,0,4,0,0,0
572888,2,0,0,0,0,0,0,0,0,0,0,0,0,0
502381,0,0,0,0,0,0,0,0,0,0,0,0,0,0
456167,2,0,0,0,0,0,0,0,0,0,2,0,0,0
276351,0,0,0,0,0,0,0,0,0,0,0,0,0,0
518748,0,0,0,0,0,0,0,0,0,0,0,0,0,0
500610,0,0,0,0,0,0,0,0,0,0,0,0,0,0
457915,0,0,0,0,0,0,0,0,0,0,0,0,0,0
594027,0,0,0,0,0,0,0,0,0,0,0,0,0,0
543261,0,0,0,0,0,0,0,0,0,0,0,0,0,0
534910,1,0,0,0,0,0,0,0,0,0,1,0,0,0
571735,0,0,0,0,0,0,0,0,0,0,0,0,0,0
595235,0,0,0,0,0,0,0,0,0,0,0,0,0,0
543272,4,0,0,0,0,0,0,0,0,0,1,0,1,0
449173,8,0,0,0,0,0,0,0,0,0,2,0,0,0
501789,0,0,0,0,0,0,0,0,0,0,0,0,0,0
643354,1,0,0,0,0,0,0,0,0,0,1,0,0,0
643355,0,0,0,0,0,0,0,0,0,0,0,0,0,0
502457,1,0,0,0,0,0,0,0,0,0,0,0,1,0
592390,0,0,0,0,0,0,0,0,0,0,0,0,0,0
449104,0,0,0,0,0,0,0,0,0,0,0,0,0,0
521230,0,0,0,0,0,0,0,0,0,0,0,0,0,0
456696,0,0,0,0,0,0,0,0,0,0,0,0,0,0
433587,6,0,0,0,0,0,0,0,0,0,3,0,2,0
433584,4,0,0,0,0,0,0,0,0,0,3,0,0,0
516969,0,0,0,0,0,0,0,0,0,0,0,0,0,0
497807,1,0,0,0,0,0,0,0,0,0,1,0,0,0
594857,0,0,0,0,0,0,0,0,0,0,0,0,0,0
518790,0,0,0,0,0,0,0,0,0,0,0,0,0,0
448179,12,0,0,0,0,0,0,0,0,0,8,0,0,0
648737,0,0,0,0,0,0,0,0,0,0,0,0,0,0
460024,0,0,0,0,0,0,0,0,0,0,0,0,0,0
656546,8,0,0,0,0,0,0,0,0,0,2,0,1,0
543331,0,0,0,0,0,0,0,0,0,0,0,0,0,0
434442,2,0,0,0,0,0,0,0,0,0,2,0,0,0
624586,0,0,0,0,0,0,0,0,0,0,0,0,0,0
543339,0,0,0,0,0,0,0,0,0,0,0,0,0,0
453172,1,0,0,0,0,0,0,0,0,0,1,0,0,0
461833,2,0,0,0,0,0,0,0,0,0,2,0,0,0
488984,0,0,0,0,0,0,0,0,0,0,0,0,0,0
592422,0,0,0,0,0,0,0,0,0,0,0,0,0,0
571800,1,0,0,0,0,0,0,0,0,0,1,0,0,0
547874,2,0,0,0,0,0,0,0,0,0,1,0,1,0
445276,0,0,0,0,0,0,0,0,0,0,0,0,0,0
502026,0,0,0,0,0,0,0,0,0,0,0,0,0,0
592433,13,0,0,0,0,0,0,0,0,0,4,0,4,0
543359,0,0,0,0,0,0,0,0,0,0,0,0,0,0
448178,0,0,0,0,0,0,0,0,0,0,0,0,0,0
434622,4,0,0,0,0,0,0,0,0,0,1,0,0,0
605304,4,0,0,0,0,0,0,0,0,0,3,0,1,0
462382,1,0,0,0,0,0,0,0,0,0,1,0,0,0
489002,0,0,0,0,0,0,0,0,0,0,0,0,0,0
518858,0,0,0,0,0,0,0,0,0,0,0,0,0,0
592454,0,0,0,0,0,0,0,0,0,0,0,0,0,0
501992,1,0,0,0,0,0,0,0,0,0,0,0,0,0
605309,0,0,0,0,0,0,0,0,0,0,0,0,0,0
518875,1,0,0,0,0,0,0,0,0,0,1,0,0,0
543391,2,0,0,0,0,0,0,0,0,0,1,0,1,0
523260,0,0,0,0,0,0,0,0,0,0,0,0,0,0
453178,3,0,0,0,0,0,0,0,0,0,2,0,0,0
434137,0,0,0,0,0,0,0,0,0,0,0,0,0,0
572971,2,0,0,0,0,0,0,0,0,0,0,0,0,0
571851,0,1,0,0,0,0,0,0,0,1,0,0,0,0
518883,1,0,0,0,0,0,0,0,0,0,0,0,0,0
518886,0,0,0,0,0,0,0,0,0,0,0,0,0,0
445213,0,0,0,0,0,0,0,0,0,0,0,0,0,0
457779,0,0,0,0,0,0,0,0,0,0,0,0,0,0
607309,2,0,0,0,0,0,0,0,0,0,2,0,0,0
608349,0,0,0,0,0,0,0,0,0,0,0,0,0,0
571863,3,0,0,0,0,0,0,0,0,1,3,0,2,0
502004,0,0,0,0,0,0,0,0,0,0,0,0,0,0
571871,1,0,0,0,0,0,0,0,0,0,0,0,0,0
534606,5,1,0,0,0,0,0,0,0,1,2,0,0,0
518911,1,0,0,0,0,0,0,0,0,0,0,0,0,0
571882,1,0,0,0,0,0,0,0,0,0,0,0,0,0
453281,1,0,0,0,0,0,0,0,0,0,1,0,0,0
600917,0,0,0,0,0,0,0,0,0,0,0,0,0,0
608678,0,0,0,0,0,0,0,0,0,0,0,0,0,0
571893,0,0,0,0,0,0,0,0,0,0,0,0,0,0
572990,0,0,0,0,0,0,0,0,0,0,0,0,0,0
543456,2,0,0,0,0,0,0,0,0,0,1,0,0,0
429400,0,0,0,0,0,0,0,0,0,0,0,0,0,0
457429,0,0,0,0,0,0,0,0,0,0,0,0,0,0
425657,1,0,0,0,0,0,0,0,0,0,1,0,0,0
607257,7,0,0,0,0,0,0,0,0,0,3,0,0,0
450275,0,0,0,0,0,0,0,0,0,0,0,0,0,0
458537,0,0,0,0,0,0,0,0,0,0,0,0,0,0
543475,8,0,0,0,0,0,0,0,0,0,4,0,0,0
544928,4,0,0,0,0,0,0,0,0,0,2,0,0,0
425492,1,0,0,0,0,0,0,0,0,0,1,0,0,0
543483,0,0,0,0,0,0,0,0,0,0,0,0,0,0
571911,0,0,0,0,0,0,0,0,0,0,0,0,0,0
657670,0,0,0,0,0,0,0,0,0,0,0,0,0,0
640455,2,0,0,0,0,0,0,0,0,0,1,0,0,0
595307,1,0,0,0,0,0,0,0,0,0,1,0,0,0
453249,0,0,0,0,0,0,0,0,0,0,0,0,0,0
501697,3,0,0,0,0,0,0,0,0,0,1,0,0,0
592527,0,0,0,0,0,0,0,0,0,0,0,0,0,0
621408,0,0,0,0,0,0,0,0,0,0,0,0,0,0
608566,6,1,0,0,0,0,0,0,0,0,3,0,2,0
605359,0,0,0,0,0,0,0,0,0,0,0,0,0,0
517629,0,0,0,0,0,0,0,0,0,0,0,0,0,0
592533,0,0,0,0,0,0,0,0,0,0,0,0,0,0
514669,0,0,0,0,0,0,0,0,0,0,0,0,0,0
607259,2,0,0,0,0,0,0,0,0,0,1,0,0,0
518991,9,1,0,0,0,0,0,1,0,2,4,0,0,0
451085,0,0,0,0,0,0,0,0,0,0,0,0,0,0
543506,0,0,0,0,0,0,0,0,0,0,0,0,0,0
543507,0,0,0,0,0,0,0,0,0,0,0,0,0,0
594577,0,0,0,0,0,0,0,0,0,0,0,0,0,0
476570,1,0,0,0,0,0,0,0,0,0,1,0,0,0
502083,0,0,0,0,0,0,0,0,0,0,0,0,0,0
435221,13,0,0,0,0,0,1,0,0,2,6,0,0,0
519008,0,0,0,0,0,0,0,0,0,0,0,0,0,0
459429,0,0,0,0,0,0,0,0,0,0,0,0,0,0
430661,4,0,0,0,0,0,0,0,0,0,3,0,0,0
543521,6,0,0,0,0,0,0,0,0,0,2,0,2,0
502374,1,0,0,0,0,0,0,0,0,0,1,0,1,0
453343,0,0,0,0,0,0,0,0,0,0,0,0,0,0
543532,2,0,0,0,0,0,0,0,0,0,2,0,0,0
596043,6,0,0,0,0,0,0,0,0,0,3,0,0,0
453192,0,0,0,0,0,0,0,0,0,0,0,0,0,0
502522,1,0,0,0,0,0,0,0,0,0,1,0,0,0
623166,1,0,0,0,0,0,0,0,0,0,0,0,0,0
573668,0,0,0,0,0,0,0,0,0,0,0,0,0,0
606160,5,0,0,0,0,0,0,0,0,0,3,0,0,0
446192,5,0,0,0,0,0,0,0,0,0,4,0,0,0
462985,0,0,0,0,0,0,0,0,0,0,0,0,0,0
573046,0,0,0,0,0,0,0,0,0,0,0,0,0,0
621559,2,0,0,0,0,0,0,0,0,0,2,0,0,0
571963,1,0,0,0,0,0,0,0,0,0,1,0,0,0
457768,1,0,0,0,0,0,0,0,0,0,1,0,0,0
453344,0,0,0,0,0,0,0,0,0,0,0,0,0,0
434604,8,0,0,0,0,0,0,0,0,0,2,0,0,0
621209,4,0,0,0,0,0,0,0,0,0,3,1,2,0
435400,0,0,0,0,0,0,0,0,0,0,0,0,0,0
493247,0,0,0,0,0,0,0,0,0,0,0,0,0,0
571969,0,0,0,0,0,0,0,0,0,0,0,0,0,0
605396,1,0,0,0,0,0,0,0,0,0,1,0,0,0
605397,0,0,0,0,0,0,0,0,0,0,0,0,1,0
429780,3,0,0,0,0,0,0,0,0,0,2,0,0,0
150274,0,0,0,0,0,0,0,0,0,0,0,0,0,0
594943,2,0,0,0,0,0,0,0,0,0,0,0,0,0
593576,0,0,0,0,0,0,0,0,0,0,0,0,0,0
450212,0,0,0,0,0,0,0,0,0,0,0,0,0,0
445060,3,0,0,0,0,0,0,0,0,2,1,0,0,0
596057,2,0,0,0,0,0,0,0,0,1,0,0,0,0
573064,0,0,0,0,0,0,0,0,0,0,0,0,0,0
447714,0,0,0,0,0,0,0,0,0,0,0,0,0,0
594951,1,0,0,0,0,0,0,0,0,0,0,0,0,0
623184,0,0,0,0,0,0,0,0,0,0,0,0,0,0
468396,0,0,0,0,0,0,0,0,0,0,0,0,0,0
596331,0,0,0,0,0,0,0,0,0,0,0,0,0,0
493200,2,0,0,0,0,0,0,0,0,0,2,0,0,0
456027,0,0,0,0,0,0,0,0,0,0,0,0,0,0
595345,1,0,0,0,0,0,0,0,0,0,1,0,0,0
446185,0,0,0,0,0,0,0,0,0,0,0,0,0,0
592612,0,0,0,0,0,0,0,0,0,0,0,0,0,0
532077,0,0,0,0,0,0,0,0,0,0,0,0,0,0
519096,0,0,0,0,0,0,0,0,0,0,0,0,0,0
493603,0,0,0,0,0,0,0,0,0,0,0,0,0,0
449097,0,0,0,0,0,0,0,0,0,0,0,0,0,0
489197,0,0,0,0,0,0,0,0,0,0,0,0,0,0
607359,2,0,0,0,0,0,0,0,0,0,1,0,0,0
572020,3,0,0,0,0,0,0,0,0,1,3,0,0,0
502748,0,0,0,0,0,0,0,0,0,0,0,0,0,0
516414,0,0,0,0,0,0,0,0,0,0,0,0,0,0
570240,0,0,0,0,0,0,0,0,0,0,0,0,0,0
407908,2,0,0,0,0,0,0,0,0,0,1,0,0,0
593974,0,0,0,0,0,0,0,0,0,0,0,0,0,0
554234,17,0,0,0,0,0,0,0,0,0,5,0,2,0
452061,0,0,0,0,0,0,0,0,0,0,0,0,0,0
501381,1,0,0,0,0,0,0,0,0,0,1,0,0,0
500887,5,1,0,0,0,0,0,0,0,1,4,0,0,0
592644,0,0,0,0,0,0,0,0,0,0,0,0,0,0
592647,2,3,0,0,0,0,0,2,1,0,1,0,0,0
519151,0,0,0,0,0,0,0,0,0,0,0,0,0,0
456034,10,0,0,0,0,0,0,0,0,1,8,0,0,0
474029,0,0,0,0,0,0,0,0,0,0,0,0,0,0
534812,0,0,0,0,0,0,0,0,0,0,0,0,0,0
430589,0,0,0,0,0,0,0,0,0,0,0,0,0,0
500779,2,0,0,0,0,0,0,0,0,0,1,0,0,0
541640,0,0,0,0,0,0,0,0,0,0,0,0,0,0
500724,0,0,0,0,0,0,0,0,0,0,0,0,0,0
542432,0,0,0,0,0,0,0,0,0,0,0,0,0,0
519166,0,0,0,0,0,0,0,0,0,0,0,0,0,0
573109,0,0,0,0,0,0,0,0,0,0,0,0,0,0
459987,0,0,0,0,0,0,0,0,0,0,0,0,0,0
591693,0,0,0,0,0,0,0,0,0,1,0,0,0,0
474284,0,0,0,0,0,0,0,0,0,0,0,0,0,0
502051,0,0,0,0,0,0,0,0,0,0,0,0,0,0
592665,0,0,0,0,0,0,0,0,0,0,0,0,0,0
642003,11,1,0,0,0,0,0,0,0,1,6,0,2,0
519186,0,0,0,0,0,0,0,0,0,0,0,0,0,0
502085,0,0,0,0,0,0,0,0,0,0,0,0,0,0
570663,3,0,0,0,0,0,0,0,0,0,2,0,0,0
407845,0,0,0,0,0,0,0,0,0,0,0,0,0,0
607074,3,0,0,0,0,0,0,0,0,0,2,0,0,0
593958,2,0,0,0,0,0,0,0,0,0,2,0,0,0
451775,0,0,0,0,0,0,0,0,0,0,0,0,0,0
408061,0,0,0,0,0,0,0,0,0,0,0,0,0,0
570257,0,0,0,0,0,0,0,0,0,0,0,0,0,0
475054,0,0,0,0,0,0,0,0,0,0,0,0,0,0
573124,0,0,0,0,0,0,0,0,0,0,0,0,0,0
543716,0,0,0,0,0,0,0,0,0,0,0,0,0,0
544836,0,0,0,0,0,0,0,0,0,0,0,0,0,0
489265,0,0,0,0,0,0,0,0,0,0,0,0,0,0
541652,0,0,0,0,0,0,0,0,0,0,0,0,0,0
444468,1,0,0,0,0,0,0,0,0,0,1,0,0,0
504083,0,0,0,0,0,0,0,0,0,0,0,0,0,0
572096,1,0,0,0,0,0,0,0,0,0,1,0,0,0
543726,0,0,0,0,0,0,0,0,0,0,0,0,0,0
475115,1,0,0,0,0,0,0,0,0,0,1,0,0,0
594985,0,0,0,0,0,0,0,0,0,0,0,0,0,0
460701,0,0,0,0,0,0,0,0,0,0,0,0,0,0
594986,0,0,0,0,0,0,0,0,0,0,0,0,0,0
547943,1,0,0,0,0,0,0,0,0,0,0,0,0,0
519240,0,0,0,0,0,0,0,0,0,0,0,0,0,0
282332,1,0,0,0,0,0,0,0,0,0,0,0,1,0
477569,0,0,0,0,0,0,0,0,0,0,0,0,0,0
517593,5,1,0,0,0,0,0,0,0,0,3,0,0,0
592716,0,0,0,0,0,0,0,0,0,0,0,0,0,0
572102,7,0,0,0,0,0,0,0,0,0,6,0,0,0
592717,9,0,0,0,0,0,0,0,0,1,5,0,0,0
434671,6,0,0,0,0,0,0,0,0,0,3,0,0,0
467055,6,0,0,0,0,0,0,0,0,1,4,0,0,0
429722,5,0,0,0,0,0,0,0,0,0,3,0,1,0
543746,2,0,0,0,0,0,0,0,0,0,1,0,0,0
519263,2,0,0,0,0,0,0,0,0,0,1,0,1,0
572119,0,0,0,0,0,0,0,0,0,0,0,0,0,0
656941,4,0,0,0,0,0,0,0,0,1,2,0,0,0
543766,0,0,0,0,0,0,0,0,0,0,0,0,0,0
533167,2,0,0,0,0,0,0,0,0,0,1,0,0,0
592741,0,0,0,0,0,0,0,0,0,0,0,0,0,0
543779,0,0,0,0,0,0,0,0,0,0,0,0,0,0
623406,0,0,0,0,0,0,0,0,0,0,0,0,0,0
448609,0,0,0,0,0,0,0,0,0,0,0,0,0,0
544930,0,0,0,0,0,0,0,0,0,0,0,0,0,0
607727,0,0,0,0,0,0,0,0,0,0,0,0,0,0
501925,0,0,0,0,0,0,0,0,0,0,0,0,0,0
519293,0,0,0,0,0,0,0,0,0,0,0,0,0,0
519294,1,0,0,0,0,0,0,0,0,0,1,0,0,0
592767,2,0,0,0,0,0,0,0,0,0,0,0,0,0
605483,2,0,0,0,0,0,0,0,0,1,1,0,0,0
462515,0,0,0,0,0,0,0,0,0,0,0,0,0,0
519301,3,0,0,0,0,0,0,0,0,0,1,0,0,0
643550,0,0,0,0,0,0,0,0,0,0,0,0,0,0
465657,0,0,0,0,0,0,0,0,0,0,0,0,0,0
596112,10,0,0,0,0,0,0,0,0,0,5,0,3,0
519322,0,0,0,0,0,0,0,0,0,0,0,0,0,0
621381,0,0,0,0,0,0,0,0,0,0,0,0,0,0
608717,1,0,0,0,0,0,0,0,0,0,0,0,0,0
434718,0,0,0,0,0,0,0,0,0,0,0,0,0,0
519326,0,0,0,0,0,0,0,0,0,0,0,0,0,0
573186,5,1,0,0,0,0,0,0,0,0,0,0,1,0
467008,1,0,0,0,0,0,0,0,0,0,0,0,0,0
621385,0,0,0,0,0,0,0,0,0,0,0,0,0,0
573188,0,0,0,0,0,0,0,0,0,0,0,0,0,0
608718,2,0,0,0,0,0,0,0,0,0,1,0,0,0
461872,0,0,0,0,0,0,0,0,0,0,0,0,0,0
547888,2,0,0,0,0,0,0,0,0,0,2,0,0,0
547749,0,0,0,0,0,0,0,0,0,0,0,0,0,0
572193,0,0,0,0,0,0,0,0,0,0,0,0,0,0
519344,1,0,0,0,0,0,0,0,0,0,1,0,0,0
592804,0,0,0,0,0,0,0,0,0,0,0,0,0,0
407819,0,0,0,0,0,0,0,0,0,0,0,0,0,0
501957,2,0,0,0,0,0,0,0,0,0,2,0,1,0
474521,1,0,0,0,0,0,0,0,0,0,1,0,0,0
543859,2,0,0,0,0,0,0,0,0,0,1,0,0,0
448614,0,0,0,0,0,0,0,0,0,0,0,0,0,0
600526,0,0,0,0,0,0,0,0,0,0,0,0,0,0
595014,0,0,0,0,0,0,0,0,0,0,0,0,0,0
592811,2,0,0,0,0,0,0,0,0,0,2,0,0,0
607374,2,0,0,0,0,0,0,0,0,0,1,0,0,0
425835,0,0,0,0,0,0,0,0,0,0,0,0,0,0
449168,3,0,0,0,0,0,0,0,0,0,1,0,0,0
592815,0,0,0,0,0,0,0,0,0,0,0,0,0,0
545363,0,0,0,0,0,0,0,0,0,0,0,0,0,0
493157,0,0,0,0,0,0,0,0,0,0,0,0,0,0
570714,8,0,0,0,0,0,0,0,0,0,5,0,1,0
553878,1,0,0,0,0,0,0,0,0,0,1,0,0,0
572403,0,0,0,0,0,0,0,0,0,0,0,0,0,0
453646,4,0,0,0,0,0,0,0,0,0,4,0,1,0
543883,0,0,0,0,0,0,0,0,0,0,0,0,0,0
527055,0,0,0,0,0,0,0,0,0,0,0,0,0,0
450172,5,0,0,0,0,0,0,0,0,0,3,0,0,0
621281,2,0,0,0,0,0,0,0,0,0,1,0,0,0
595025,5,0,0,0,0,0,0,0,0,0,2,0,0,0
425426,0,0,0,0,0,0,0,0,0,0,0,0,0,0
476589,3,0,0,0,0,0,0,0,0,0,3,0,1,0
453265,0,0,0,0,0,0,0,0,0,0,0,0,1,0
450308,9,0,0,0,0,0,0,0,0,0,4,0,0,0
543901,6,0,0,0,0,0,0,0,0,0,3,0,0,0
605525,0,0,0,0,0,0,0,0,0,0,0,0,0,0
452666,0,0,0,0,0,0,0,0,0,0,0,0,0,0
425532,2,0,0,0,0,0,0,0,0,0,1,0,0,0
592866,1,1,0,0,0,0,1,0,0,2,1,0,0,0
543935,0,0,0,0,0,0,0,0,0,0,0,0,0,0
458677,0,0,0,0,0,0,0,0,0,0,0,0,0,0
592869,0,0,0,0,0,0,0,0,0,0,0,0,0,0
592872,0,0,0,0,0,0,0,0,0,0,0,0,0,0
595465,0,0,0,0,0,0,0,0,0,0,0,0,0,0
519437,0,0,0,0,0,0,0,0,0,0,0,0,0,0
621295,0,0,0,0,0,0,0,0,0,0,0,0,0,0
502028,2,0,0,0,0,0,0,0,0,0,2,0,0,0
474699,0,0,0,0,0,0,0,0,0,0,0,0,0,0
642229,5,0,0,0,0,0,0,0,0,0,2,0,1,0
605541,0,0,0,0,0,0,0,0,0,0,0,0,0,0
453214,4,0,0,0,0,0,0,0,0,0,3,0,0,0
489446,0,0,0,0,0,0,0,0,0,0,0,0,0,0
593679,3,0,0,0,0,0,0,0,0,0,0,0,0,0
573589,0,0,0,0,0,0,0,0,0,0,0,0,0,0
501255,5,0,0,0,0,0,0,0,0,0,2,0,0,0
432934,1,0,0,0,0,0,0,0,0,0,0,0,0,0
458913,1,2,0,0,0,0,0,1,0,0,0,0,0,0
572283,0,0,0,0,0,0,0,0,0,0,0,0,0,0
642239,3,0,0,0,0,0,0,0,0,0,2,0,0,0
446899,0,0,0,0,0,0,0,0,0,0,0,0,0,0
